"","...1","Session_Date","Information_Condition","Question","Subject","Truth","E1","E2","E3","E4","E5","C1","C5"
"1","1","081111_1557","no",1,1,184,430,500,490,410,422,2,3
"2","2","081111_1557","no",1,2,184,520,25,26,24,22,2,4
"3","3","081111_1557","no",1,3,184,50,3,100,1,4,1,2
"4","4","081111_1557","no",1,4,184,15,20,22,18,10,2,1
"5","5","081111_1557","no",1,5,184,1750,1500,1666,1750,1650,5,5
"6","6","081111_1557","no",1,6,184,900,1000,678,1342,801,3,3
"7","7","081111_1557","no",1,7,184,600,280,290,190,190,4,5
"8","8","081111_1557","no",1,8,184,1200,1100,500,450,123,4,1
"9","9","081111_1557","no",1,9,184,250000,180,175,200,176,3,4
"10","10","081111_1557","no",1,10,184,500,1000,100,8000,40000,2,2
"11","11","081111_1557","no",1,11,184,160,145,180,210,110,5,3
"12","12","081111_1557","no",1,12,184,43,44,180,170,170,5,3
"13","13","081111_1557","aggregated",2,1,734,350,302,320,346,334,1,2
"14","14","081111_1557","aggregated",2,2,734,50,180,150,210,250,2,2
"15","15","081111_1557","aggregated",2,3,734,500,400,350,300,370,2,2
"16","16","081111_1557","aggregated",2,4,734,100,200,300,300,300,2,1
"17","17","081111_1557","aggregated",2,5,734,320,280,260,301,340,4,3
"18","18","081111_1557","aggregated",2,6,734,240,210,300,284,314,5,4
"19","19","081111_1557","aggregated",2,7,734,300,330,350,370,270,3,3
"20","20","081111_1557","aggregated",2,8,734,1200,700,800,450,320,1,1
"21","21","081111_1557","aggregated",2,9,734,164,270,450,320,290,1,2
"22","22","081111_1557","aggregated",2,10,734,30,100,200,60,150,3,3
"23","23","081111_1557","aggregated",2,11,734,190,550,450,620,420,3,4
"24","24","081111_1557","aggregated",2,12,734,120,250,270,360,340,1,1
"25","25","081111_1557","full",3,1,10067,12000,15000,17000,14500,20000,1,2
"26","26","081111_1557","full",3,2,10067,5000,3000,7000,10000,2500,2,2
"27","27","081111_1557","full",3,3,10067,2000,12000,20000,18000,10000,1,2
"28","28","081111_1557","full",3,4,10067,1000,15000,20000,10000,12000,1,1
"29","29","081111_1557","full",3,5,10067,26000,11111,8900,14000,23000,2,2
"30","30","081111_1557","full",3,6,10067,24154,254154,11041,27415,15412,2,1
"31","31","081111_1557","full",3,7,10067,6000,22000,18000,15000,13000,3,2
"32","32","081111_1557","full",3,8,10067,12000,10000,13000,16000,21000,3,2
"33","33","081111_1557","full",3,9,10067,498,5600,7865,16500,12679,2,2
"34","34","081111_1557","full",3,10,10067,5e+05,10000,22000,5000,16000,3,3
"35","35","081111_1557","full",3,11,10067,10000,20000,25000,15000,8000,3,3
"36","36","081111_1557","full",3,12,10067,3000,3000,3000,10000,12000,1,1
"37","37","081111_1557","no",4,1,198,92,102,98,106,120,1,1
"38","38","081111_1557","no",4,2,198,15,25,55,90,125,2,3
"39","39","081111_1557","no",4,3,198,200,500,100,1000,750,1,1
"40","40","081111_1557","no",4,4,198,500,300,900,200,400,2,1
"41","41","081111_1557","no",4,5,198,41,36,32,55,27,4,3
"42","42","081111_1557","no",4,6,198,1001,571,3513,741,30413,3,4
"43","43","081111_1557","no",4,7,198,50,70,40,90,120,1,1
"44","44","081111_1557","no",4,8,198,70,120,45,80,90,1,1
"45","45","081111_1557","no",4,9,198,38,25,18,45,55,4,3
"46","46","081111_1557","no",4,10,198,200,85,500,230,40,3,2
"47","47","081111_1557","no",4,11,198,12,24,36,44,19,2,2
"48","48","081111_1557","no",4,12,198,180,220,210,210,200,2,2
"49","49","081111_1557","aggregated",5,1,639,98,302,400,258,260,2,1
"50","50","081111_1557","aggregated",5,2,639,50,180,230,110,300,2,2
"51","51","081111_1557","aggregated",5,3,639,3000,2000,1000,1500,2500,3,2
"52","52","081111_1557","aggregated",5,4,639,300,500,600,400,450,1,2
"53","53","081111_1557","aggregated",5,5,639,95,260,400,310,500,3,2
"54","54","081111_1557","aggregated",5,6,639,50,1500,576,974,210,4,5
"55","55","081111_1557","aggregated",5,7,639,50,100,180,250,300,2,2
"56","56","081111_1557","aggregated",5,8,639,456,520,980,620,1100,2,1
"57","57","081111_1557","aggregated",5,9,639,725,634,695,812,518,3,2
"58","58","081111_1557","aggregated",5,10,639,100,441,550,50,200,3,2
"59","59","081111_1557","aggregated",5,11,639,365,450,660,590,750,2,2
"60","60","081111_1557","aggregated",5,12,639,10,30,30,60,60,1,1
"61","61","081111_1557","full",6,1,9272,806,6000,4500,3200,3500,3,2
"62","62","081111_1557","full",6,2,9272,10000,5000,15000,2500,4500,2,2
"63","63","081111_1557","full",6,3,9272,3000,2500,3500,3312,3200,2,3
"64","64","081111_1557","full",6,4,9272,2000,3000,3500,2900,5000,2,1
"65","65","081111_1557","full",6,5,9272,956,1400,1930,2600,2900,2,2
"66","66","081111_1557","full",6,6,9272,2500,2500,2500,5000,3414,5,4
"67","67","081111_1557","full",6,7,9272,1800,2500,3200,3500,1200,3,3
"68","68","081111_1557","full",6,8,9272,8500,7600,9000,3000,7900,1,2
"69","69","081111_1557","full",6,9,9272,2365,3560,3289,3456,3289,2,4
"70","70","081111_1557","full",6,10,9272,700,22500,6000,3500,4000,3,3
"71","71","081111_1557","full",6,11,9272,650,1000,3000,12000,4500,3,3
"72","72","081111_1557","full",6,12,9272,25000,14000,12000,11000,3000,1,1
"73","73","081113_1411","full",1,1,184,30,30,30,30,30,2,2
"74","74","081113_1411","full",1,2,184,168,180,172,191,156,4,2
"75","75","081113_1411","full",1,3,184,2,2,10,10,15,3,2
"76","76","081113_1411","full",1,4,184,17,22,20,15,72,2,1
"77","77","081113_1411","full",1,5,184,100,125,150,75,100,2,3
"78","78","081113_1411","full",1,6,184,1070,170,178,178,160,4,5
"79","79","081113_1411","full",1,7,184,7,70,65,75,70,3,4
"80","80","081113_1411","full",1,8,184,20,20,22,30,30,4,4
"81","81","081113_1411","full",1,9,184,150,200,140,80,75,3,4
"82","82","081113_1411","full",1,10,184,112,104,160,72,119,3,3
"83","83","081113_1411","full",1,11,184,500,75,125,100,75,2,3
"84","84","081113_1411","full",1,12,184,200,125,120,120,110,1,4
"85","85","081113_1411","no",2,1,734,300,300,300,300,300,4,4
"86","86","081113_1411","no",2,2,734,115,270,290,240,160,1,1
"87","87","081113_1411","no",2,3,734,200,50,100,60,100,4,4
"88","88","081113_1411","no",2,4,734,80,75,85,65,80,2,2
"89","89","081113_1411","no",2,5,734,1000,1200,800,700,900,3,3
"90","90","081113_1411","no",2,6,734,320,180,250,140,280,4,5
"91","91","081113_1411","no",2,7,734,100,120,80,140,110,3,3
"92","92","081113_1411","no",2,8,734,150,100,75,75,75,4,4
"93","93","081113_1411","no",2,9,734,800,1000,450,600,350,4,3
"94","94","081113_1411","no",2,10,734,300,270,350,380,430,4,4
"95","95","081113_1411","no",2,11,734,20,30,40,60,45,4,3
"96","96","081113_1411","no",2,12,734,600,500,700,1000,650,1,1
"97","97","081113_1411","aggregated",3,1,10067,10000,10000,10000,10000,10000,3,3
"98","98","081113_1411","aggregated",3,2,10067,2600,5486,6798,4652,3620,1,2
"99","99","081113_1411","aggregated",3,3,10067,3,4500,2000,10000,6000,2,2
"100","100","081113_1411","aggregated",3,4,10067,65000,10000,11000,9015,8385,1,1
"101","101","081113_1411","aggregated",3,5,10067,5000,15000,12000,5000,8000,1,1
"102","102","081113_1411","aggregated",3,6,10067,25600,12500,11800,8600,8290,3,2
"103","103","081113_1411","aggregated",3,7,10067,10000,13000,8000,10000,6000,4,4
"104","104","081113_1411","aggregated",3,8,10067,10000,11000,9000,7500,9600,4,4
"105","105","081113_1411","aggregated",3,9,10067,9000,15000,12000,11000,13000,3,3
"106","106","081113_1411","aggregated",3,10,10067,20000,14235,10589,6856,8563,2,3
"107","107","081113_1411","aggregated",3,11,10067,700,13000,5000,8000,2500,3,2
"108","108","081113_1411","aggregated",3,12,10067,1000,20000,10000,10000,9500,1,2
"109","109","081113_1411","full",4,1,198,200,200,200,200,200,3,3
"110","110","081113_1411","full",4,2,198,2340,230,368,180,210,1,1
"111","111","081113_1411","full",4,3,198,1500,700,600,300,400,2,2
"112","112","081113_1411","full",4,4,198,100,110,60,70,70,2,3
"113","113","081113_1411","full",4,5,198,100,150,125,100,100,1,3
"114","114","081113_1411","full",4,6,198,180,190,82,129,172,3,5
"115","115","081113_1411","full",4,7,198,600,500,400,200,100,3,4
"116","116","081113_1411","full",4,8,198,300,400,400,300,200,2,2
"117","117","081113_1411","full",4,9,198,350,250,300,1e+09,150,3,4
"118","118","081113_1411","full",4,10,198,95,24,8,45,250,2,3
"119","119","081113_1411","full",4,11,198,200,50,150,250,75,3,3
"120","120","081113_1411","full",4,12,198,100,300,100,100,100,2,3
"121","121","081113_1411","no",5,1,639,2000,2000,2000,2000,2000,2,2
"122","122","081113_1411","no",5,2,639,152,86,88,82,81,2,4
"123","123","081113_1411","no",5,3,639,50,20,30,25,15,1,1
"124","124","081113_1411","no",5,4,639,65,65,74,74,182,2,3
"125","125","081113_1411","no",5,5,639,500,500,600,400,300,2,2
"126","126","081113_1411","no",5,6,639,4000,4100,3900,10000,5000,4,4
"127","127","081113_1411","no",5,7,639,7000,2500,4000,1000,10000,1,1
"128","128","081113_1411","no",5,8,639,500,150,100,150,150,3,3
"129","129","081113_1411","no",5,9,639,3000,4000,10000,1000,80000,2,2
"130","130","081113_1411","no",5,10,639,200,23,23,23,23,2,3
"131","131","081113_1411","no",5,11,639,250,1500,1000,700,900,3,3
"132","132","081113_1411","no",5,12,639,250,300,275,270,265,1,1
"133","133","081113_1411","aggregated",6,1,9272,10000,10000,10000,10000,10000,3,3
"134","134","081113_1411","aggregated",6,2,9272,2700,6452,5216,3260,1230,1,2
"135","135","081113_1411","aggregated",6,3,9272,1500,9800,7650,3500,25000,1,3
"136","136","081113_1411","aggregated",6,4,9272,2500,3000,3500,3500,9432,1,1
"137","137","081113_1411","aggregated",6,5,9272,20000,15000,10000,12500,10000,3,3
"138","138","081113_1411","aggregated",6,6,9272,15000,10000,5319,8933,13588,2,5
"139","139","081113_1411","aggregated",6,7,9272,2000,5000,7000,2000,1000,3,3
"140","140","081113_1411","aggregated",6,8,9272,50000,10000,13001,15000,10000,1,1
"141","141","081113_1411","aggregated",6,9,9272,2000,13000,15000,9000,5000,2,2
"142","142","081113_1411","aggregated",6,10,9272,900,9000,999999999,20000,15000,2,2
"143","143","081113_1411","aggregated",6,11,9272,10000,9000,6000,13000,8000,3,4
"144","144","081113_1411","aggregated",6,12,9272,6500,15000,13000,12500,11500,2,3
"145","145","081113_1518","aggregated",1,1,184,150,1000,500,250,300,1,1
"146","146","081113_1518","aggregated",1,2,184,150,200,300,200,150,4,3
"147","147","081113_1518","aggregated",1,3,184,3000,25,150,100,75,3,4
"148","148","081113_1518","aggregated",1,4,184,600,500,400,300,200,1,3
"149","149","081113_1518","aggregated",1,5,184,10,500,250,150,155,1,1
"150","150","081113_1518","aggregated",1,6,184,180,190,175,185,155,5,5
"151","151","081113_1518","aggregated",1,7,184,1000,350,360,300,300,5,5
"152","152","081113_1518","aggregated",1,8,184,400,500,400,400,400,4,5
"153","153","081113_1518","aggregated",1,9,184,30,100,40,20,50,4,5
"154","154","081113_1518","aggregated",1,10,184,10,200,250,220,170,1,3
"155","155","081113_1518","aggregated",1,11,184,178,180,176,181,180,6,6
"156","156","081113_1518","aggregated",1,12,184,24,470,350,280,216,1,1
"157","157","081113_1518","full",2,1,734,600,580,425,450,500,1,1
"158","158","081113_1518","full",2,2,734,550,450,450,500,475,3,3
"159","159","081113_1518","full",2,3,734,200,200,250,175,200,5,5
"160","160","081113_1518","full",2,4,734,500,260,270,288,277,1,3
"161","161","081113_1518","full",2,5,734,350,250,450,320,380,2,2
"162","162","081113_1518","full",2,6,734,200,123,99,150,180,4,5
"163","163","081113_1518","full",2,7,734,30,250,380,260,500,4,2
"164","164","081113_1518","full",2,8,734,20,300,250,200,300,1,2
"165","165","081113_1518","full",2,9,734,200,250,250,275,250,4,5
"166","166","081113_1518","full",2,10,734,80,300,280,330,300,2,3
"167","167","081113_1518","full",2,11,734,400,250,300,200,300,4,5
"168","168","081113_1518","full",2,12,734,250,300,350,400,450,1,1
"169","169","081113_1518","no",3,1,10067,50000,225000,175000,95000,25000,1,1
"170","170","081113_1518","no",3,2,10067,10000,5000,1000,500,20000,2,2
"171","171","081113_1518","no",3,3,10067,50000,30000,10000,20000,10000,2,2
"172","172","081113_1518","no",3,4,10067,600,200,1000,800,1400,2,2
"173","173","081113_1518","no",3,5,10067,1500,3000,800,2200,1500,1,1
"174","174","081113_1518","no",3,6,10067,3000,5000,3525,2640,5275,2,2
"175","175","081113_1518","no",3,7,10067,10000,600,500,1000,200,1,1
"176","176","081113_1518","no",3,8,10067,30000,30000,40000,30000,10000,5,2
"177","177","081113_1518","no",3,9,10067,10000,5000,8000,6000,9000,4,4
"178","178","081113_1518","no",3,10,10067,10000,20000,30000,40000,50000,1,1
"179","179","081113_1518","no",3,11,10067,10000,8000,8954,12000,6000,5,3
"180","180","081113_1518","no",3,12,10067,179,90,45,65,79,1,1
"181","181","081113_1518","aggregated",4,1,198,10,600,300,275,280,1,1
"182","182","081113_1518","aggregated",4,2,198,50,300,300,300,250,1,1
"183","183","081113_1518","aggregated",4,3,198,2000,500,1000,500,300,4,4
"184","184","081113_1518","aggregated",4,4,198,5000,400,200,330,280,2,3
"185","185","081113_1518","aggregated",4,5,198,100,500,750,450,300,1,1
"186","186","081113_1518","aggregated",4,6,198,100,150,200,175,275,3,4
"187","187","081113_1518","aggregated",4,7,198,100,300,250,150,200,2,4
"188","188","081113_1518","aggregated",4,8,198,10,50,50,100,50,2,2
"189","189","081113_1518","aggregated",4,9,198,30,200,100,150,250,4,4
"190","190","081113_1518","aggregated",4,10,198,100,250,220,280,260,2,3
"191","191","081113_1518","aggregated",4,11,198,10,20,25,300,15,4,3
"192","192","081113_1518","aggregated",4,12,198,70,500,250,300,275,1,1
"193","193","081113_1518","full",5,1,639,125,75,250,600,2000,1,1
"194","194","081113_1518","full",5,2,639,200,300,250,200,150,2,1
"195","195","081113_1518","full",5,3,639,500,500,750,3000,400,4,6
"196","196","081113_1518","full",5,4,639,100,170,333,444,1234,2,2
"197","197","081113_1518","full",5,5,639,10000,8000,6000,4000,7500,1,1
"198","198","081113_1518","full",5,6,639,50,150,100,350,80,3,4
"199","199","081113_1518","full",5,7,639,200,1000,2500,4000,400,1,1
"200","200","081113_1518","full",5,8,639,300,500,400,750,500,2,2
"201","201","081113_1518","full",5,9,639,700,1500,5000,2500,3000,4,4
"202","202","081113_1518","full",5,10,639,20,90,130,200,300,2,2
"203","203","081113_1518","full",5,11,639,200,300,400,199,5000,3,2
"204","204","081113_1518","full",5,12,639,5000,250,360,400,2000,1,1
"205","205","081113_1518","no",6,1,9272,50,100,75,150,20,1,1
"206","206","081113_1518","no",6,2,9272,1000,2000,3000,500,1111,1,1
"207","207","081113_1518","no",6,3,9272,5000,2500,7500,5000,6500,3,3
"208","208","081113_1518","no",6,4,9272,5000,20000,50000,10000,60000,1,1
"209","209","081113_1518","no",6,5,9272,3e+06,1e+06,5e+06,2500000,3500000,1,1
"210","210","081113_1518","no",6,6,9272,1e+06,6e+05,3e+05,2e+05,4e+05,3,1
"211","211","081113_1518","no",6,7,9272,7e+06,1.2e+07,1e+07,4e+06,5e+05,3,2
"212","212","081113_1518","no",6,8,9272,10000,700,600,800,400,2,1
"213","213","081113_1518","no",6,9,9272,8e+05,1e+06,1500000,5e+05,7e+05,5,5
"214","214","081113_1518","no",6,10,9272,1000,2000,3000,4000,5000,1,1
"215","215","081113_1518","no",6,11,9272,5000,10000,20000,4000,2000,2,2
"216","216","081113_1518","no",6,12,9272,5000,3000,4000,4500,3500,1,1
"217","217","081114_0709","no",1,1,184,107,67,201,144,112,2,1
"218","218","081114_0709","no",1,2,184,30,40,38,50,40,4,4
"219","219","081114_0709","no",1,3,184,100,50,45,35,25,2,2
"220","220","081114_0709","no",1,4,184,180,180,180,180,180,5,6
"221","221","081114_0709","no",1,5,184,100,50,150,40,80,2,1
"222","222","081114_0709","no",1,6,184,175,185,180,178,182,6,6
"223","223","081114_0709","no",1,7,184,190,150,200,200,120,1,2
"224","224","081114_0709","no",1,8,184,100,50,200,150,60,3,2
"225","225","081114_0709","no",1,9,184,30,80,70,90,80,3,2
"226","226","081114_0709","no",1,10,184,1,3,1000,10000,4000,2,5
"227","227","081114_0709","no",1,11,184,700,300,150,100,50,1,1
"228","228","081114_0709","no",1,12,184,90,70,150,135,163,3,2
"229","229","081114_0709","aggregated",2,1,734,200,300,250,500,428,3,1
"230","230","081114_0709","aggregated",2,2,734,600,500,550,650,580,4,4
"231","231","081114_0709","aggregated",2,3,734,500,750,750,700,650,2,2
"232","232","081114_0709","aggregated",2,4,734,270,350,350,370,370,3,3
"233","233","081114_0709","aggregated",2,5,734,80,300,350,500,450,1,1
"234","234","081114_0709","aggregated",2,6,734,500,450,475,460,500,5,4
"235","235","081114_0709","aggregated",2,7,734,250,600,400,500,350,1,1
"236","236","081114_0709","aggregated",2,8,734,1000,800,1400,600,1600,3,2
"237","237","081114_0709","aggregated",2,9,734,400,450,430,500,520,4,4
"238","238","081114_0709","aggregated",2,10,734,30,550,508,620,512,4,5
"239","239","081114_0709","aggregated",2,11,734,400,500,600,450,500,2,2
"240","240","081114_0709","aggregated",2,12,734,600,620,620,610,601,4,3
"241","241","081114_0709","full",3,1,10067,1025,2030,3050,20000,10000,1,1
"242","242","081114_0709","full",3,2,10067,5000,7500,30000,18000,12000,2,3
"243","243","081114_0709","full",3,3,10067,10000,15000,7500,15000,20000,2,2
"244","244","081114_0709","full",3,4,10067,10000,23000,23000,23000,21000,2,3
"245","245","081114_0709","full",3,5,10067,50000,30000,35000,20000,25000,1,1
"246","246","081114_0709","full",3,6,10067,3000,3000,7000,10000,8000,3,2
"247","247","081114_0709","full",3,7,10067,20000,5000,5000,4000,1000,1,1
"248","248","081114_0709","full",3,8,10067,5000,10000,30000,15000,40000,2,1
"249","249","081114_0709","full",3,9,10067,5000,10000,15000,25000,40000,2,2
"250","250","081114_0709","full",3,10,10067,2e+05,45000,60000,20000,15320,2,2
"251","251","081114_0709","full",3,11,10067,50000,40000,30000,50000,20000,1,1
"252","252","081114_0709","full",3,12,10067,35000,30000,32594,37123,34862,3,4
"253","253","081114_0709","no",4,1,198,300,150,183,97,251,1,1
"254","254","081114_0709","no",4,2,198,10000,8000,15000,5000,10000,2,2
"255","255","081114_0709","no",4,3,198,200,150,250,125,275,2,2
"256","256","081114_0709","no",4,4,198,76,50,70,60,50,4,4
"257","257","081114_0709","no",4,5,198,120,100,90,110,180,1,1
"258","258","081114_0709","no",4,6,198,500,600,400,300,200,5,3
"259","259","081114_0709","no",4,7,198,300,330,270,240,260,4,4
"260","260","081114_0709","no",4,8,198,1000,1500,500,200,100,2,1
"261","261","081114_0709","no",4,9,198,1000,100,500,1500,5000,2,2
"262","262","081114_0709","no",4,10,198,2500,7600,4800,6600,5500,4,4
"263","263","081114_0709","no",4,11,198,4000,2000,1000,500,400,2,1
"264","264","081114_0709","no",4,12,198,1000,700,1300,5000,3527,4,3
"265","265","081114_0709","aggregated",5,1,639,222,297,245,222,188,2,1
"266","266","081114_0709","aggregated",5,2,639,20,80,90,110,130,2,3
"267","267","081114_0709","aggregated",5,3,639,400,300,400,200,400,2,2
"268","268","081114_0709","aggregated",5,4,639,750,600,550,600,500,1,3
"269","269","081114_0709","aggregated",5,5,639,80,200,250,230,180,1,1
"270","270","081114_0709","aggregated",5,6,639,500,365,400,300,450,4,4
"271","271","081114_0709","aggregated",5,7,639,250,270,300,330,300,3,3
"272","272","081114_0709","aggregated",5,8,639,1000,600,300,200,800,3,2
"273","273","081114_0709","aggregated",5,9,639,200,150,250,250,250,2,2
"274","274","081114_0709","aggregated",5,10,639,198,259,200,270,240,4,6
"275","275","081114_0709","aggregated",5,11,639,400,300,250,200,264,1,3
"276","276","081114_0709","aggregated",5,12,639,200,250,250,260,231,4,3
"277","277","081114_0709","full",6,1,9272,1000,3000,3650,4000,3750,1,1
"278","278","081114_0709","full",6,2,9272,2500,3000,6000,4000,4500,3,4
"279","279","081114_0709","full",6,3,9272,3000,3000,4500,5000,5000,2,2
"280","280","081114_0709","full",6,4,9272,1700,1700,2000,2000,2000,2,3
"281","281","081114_0709","full",6,5,9272,900,2500,3000,5220,4200,2,1
"282","282","081114_0709","full",6,6,9272,2000,2500,3000,4000,5000,2,2
"283","283","081114_0709","full",6,7,9272,1738,2500,3330,4000,4500,1,1
"284","284","081114_0709","full",6,8,9272,2000,3500,5000,4000,6000,4,4
"285","285","081114_0709","full",6,9,9272,1000,1500,2000,3500,3000,4,3
"286","286","081114_0709","full",6,10,9272,1200,2000,3200,3500,3000,4,6
"287","287","081114_0709","full",6,11,9272,4000,6000,5000,7000,7500,1,1
"288","288","081114_0709","full",6,12,9272,7500,7000,7002,5000,6000,2,2
"289","289","081114_1142","full",1,1,184,23564,785,618,349,495,3,4
"290","290","081114_1142","full",1,2,184,357,489,214,250,178,3,2
"291","291","081114_1142","full",1,3,184,30,70,170,10,120,3,4
"292","292","081114_1142","full",1,4,184,150,100,50,125,200,4,4
"293","293","081114_1142","full",1,5,184,7,75,78,80,80,2,3
"294","294","081114_1142","full",1,6,184,555,175,165,165,170,2,4
"295","295","081114_1142","full",1,7,184,40,100,150,170,200,3,4
"296","296","081114_1142","full",1,8,184,120,175,160,145,130,2,2
"297","297","081114_1142","full",1,9,184,180,170,175,170,170,4,5
"298","298","081114_1142","full",1,10,184,800,300,90,87,100,1,2
"299","299","081114_1142","full",1,11,184,75,500,400,250,600,2,2
"300","300","081114_1142","full",1,12,184,200,150,160,170,155,3,4
"301","301","081114_1142","no",2,1,734,2000,50000,26458,264580,231689,1,3
"302","302","081114_1142","no",2,2,734,1e+05,150000,150,150,100,1,2
"303","303","081114_1142","no",2,3,734,50,100,100,130,130,2,1
"304","304","081114_1142","no",2,4,734,100,250,200,300,220,2,4
"305","305","081114_1142","no",2,5,734,220,260,260,238,238,4,5
"306","306","081114_1142","no",2,6,734,750,650,700,700,555,2,3
"307","307","081114_1142","no",2,7,734,80,150,180,200,300,1,1
"308","308","081114_1142","no",2,8,734,300,490,450,425,450,4,4
"309","309","081114_1142","no",2,9,734,4e+08,3e+08,4.5e+08,4.5e+08,4.5e+08,2,3
"310","310","081114_1142","no",2,10,734,2823,864,1002,1475,1475,2,5
"311","311","081114_1142","no",2,11,734,200,300,150,350,500,3,2
"312","312","081114_1142","no",2,12,734,300,500,600,600,600,1,4
"313","313","081114_1142","aggregated",3,1,10067,863,12546,23489,20946,15464,3,2
"314","314","081114_1142","aggregated",3,2,10067,20845,24126,15189,29410,4512,3,2
"315","315","081114_1142","aggregated",3,3,10067,3000,1e+05,30000,10000,70000,3,3
"316","316","081114_1142","aggregated",3,4,10067,20000,25000,27000,25000,35000,4,3
"317","317","081114_1142","aggregated",3,5,10067,600,1200,2000,1600,1200,1,2
"318","318","081114_1142","aggregated",3,6,10067,125000,12500,20000,15000,12500,2,3
"319","319","081114_1142","aggregated",3,7,10067,10000,35000,28000,20000,22000,1,3
"320","320","081114_1142","aggregated",3,8,10067,15000,30000,40000,21000,12000,2,2
"321","321","081114_1142","aggregated",3,9,10067,120000,80000,30000,25000,10000,2,1
"322","322","081114_1142","aggregated",3,10,10067,8732,18000,16000,15000,14000,3,3
"323","323","081114_1142","aggregated",3,11,10067,30000,35000,25000,20000,60000,2,3
"324","324","081114_1142","aggregated",3,12,10067,5000,2000,3000,2500,3000,2,3
"325","325","081114_1142","full",4,1,198,17,286,254,235,219,3,3
"326","326","081114_1142","full",4,2,198,150,110,250,100,132,1,1
"327","327","081114_1142","full",4,3,198,1000,450,250,80,200,3,3
"328","328","081114_1142","full",4,4,198,100,50,125,75,140,2,4
"329","329","081114_1142","full",4,5,198,150,150,135,140,150,1,2
"330","330","081114_1142","full",4,6,198,382,275,312,250,146,2,3
"331","331","081114_1142","full",4,7,198,250,300,110,200,160,1,3
"332","332","081114_1142","full",4,8,198,150,80,200,135,195,2,2
"333","333","081114_1142","full",4,9,198,700,550,400,300,450,2,3
"334","334","081114_1142","full",4,10,198,76,62,50,58,29,2,2
"335","335","081114_1142","full",4,11,198,50,40,45,70,100,2,2
"336","336","081114_1142","full",4,12,198,3000,200,100,600,200,2,1
"337","337","081114_1142","no",5,1,639,276,84,142,63,47,4,4
"338","338","081114_1142","no",5,2,639,3,17,25,10,14,2,2
"339","339","081114_1142","no",5,3,639,180,72,250,30,120,3,4
"340","340","081114_1142","no",5,4,639,1000,500,350,200,300,2,3
"341","341","081114_1142","no",5,5,639,3500,2500,1200,300,400,1,1
"342","342","081114_1142","no",5,6,639,125,45,80,70,65,2,4
"343","343","081114_1142","no",5,7,639,100,80,200,150,60,2,2
"344","344","081114_1142","no",5,8,639,700,500,300,800,950,2,2
"345","345","081114_1142","no",5,9,639,150,80,70,70,60,2,1
"346","346","081114_1142","no",5,10,639,175,200,115,125,60,2,2
"347","347","081114_1142","no",5,11,639,40,50,30,25,55,2,2
"348","348","081114_1142","no",5,12,639,10,20,5,15,5,1,1
"349","349","081114_1142","aggregated",6,1,9272,846,12946,23523,21695,34256,4,2
"350","350","081114_1142","aggregated",6,2,9272,8412,9563,15423,22345,41235,1,1
"351","351","081114_1142","aggregated",6,3,9272,10000,12000,30000,20000,50000,3,3
"352","352","081114_1142","aggregated",6,4,9272,35000,50000,44000,65000,60000,3,4
"353","353","081114_1142","aggregated",6,5,9272,3900,6000,12000,14000,15000,2,1
"354","354","081114_1142","aggregated",6,6,9272,3500,5000,20000,8153,13506,3,1
"355","355","081114_1142","aggregated",6,7,9272,6000,12000,13697,25004,34569,2,3
"356","356","081114_1142","aggregated",6,8,9272,3600,8000,10000,15000,13000,2,2
"357","357","081114_1142","aggregated",6,9,9272,2000,5000,7500,9500,12000,2,2
"358","358","081114_1142","aggregated",6,10,9272,30000,33000,32000,26000,33000,2,4
"359","359","081114_1142","aggregated",6,11,9272,1500,5000,10000,15000,20000,2,2
"360","360","081114_1142","aggregated",6,12,9272,10000,1e+05,50000,2e+05,30000,1,1
"361","361","081117_1016","aggregated",1,1,184,100,900,300,50,200,1,1
"362","362","081117_1016","aggregated",1,2,184,2000,900,700,500,300,3,3
"363","363","081117_1016","aggregated",1,3,184,192,179,202,210,215,5,5
"364","364","081117_1016","aggregated",1,4,184,100,500,400,200,300,3,3
"365","365","081117_1016","aggregated",1,5,184,150,180,170,160,140,2,3
"366","366","081117_1016","aggregated",1,6,184,69,569,164,206,245,1,2
"367","367","081117_1016","aggregated",1,7,184,300,200,150,50,25,1,3
"368","368","081117_1016","aggregated",1,8,184,20,1300,120,200,220,1,1
"369","369","081117_1016","aggregated",1,9,184,40,100,150,180,68,2,2
"370","370","081117_1016","aggregated",1,10,184,12000,900,650,420,275,2,1
"371","371","081117_1016","aggregated",1,11,184,200,700,680,450,300,1,2
"372","372","081117_1016","aggregated",1,12,184,30,1444,400,250,170,1,1
"373","373","081117_1016","full",2,1,734,1000,800,1500,1050,900,1,1
"374","374","081117_1016","full",2,2,734,600,800,400,500,700,3,3
"375","375","081117_1016","full",2,3,734,450,225,270,380,325,3,5
"376","376","081117_1016","full",2,4,734,300,400,350,300,400,3,3
"377","377","081117_1016","full",2,5,734,1500,1000,900,700,1400,2,2
"378","378","081117_1016","full",2,6,734,298,416,521,345,625,1,1
"379","379","081117_1016","full",2,7,734,400,250,350,400,350,3,2
"380","380","081117_1016","full",2,8,734,350,300,250,500,550,1,1
"381","381","081117_1016","full",2,9,734,1,10,5,20,12,3,2
"382","382","081117_1016","full",2,10,734,35000,45000,30000,1000,800,1,1
"383","383","081117_1016","full",2,11,734,500,600,650,450,850,1,1
"384","384","081117_1016","full",2,12,734,150,350,450,900,400,1,1
"385","385","081117_1016","no",3,1,10067,25000,50000,75000,60000,70000,1,1
"386","386","081117_1016","no",3,2,10067,30000,20000,10000,15000,25000,2,2
"387","387","081117_1016","no",3,3,10067,15000,8500,19500,25000,3500,5,3
"388","388","081117_1016","no",3,4,10067,7000,10000,8000,9000,8000,3,3
"389","389","081117_1016","no",3,5,10067,150,500,2000,5000,950,1,1
"390","390","081117_1016","no",3,6,10067,3755,9854,6574,11987,8432,2,1
"391","391","081117_1016","no",3,7,10067,50000,10000,25000,5000,10000,1,1
"392","392","081117_1016","no",3,8,10067,40000,20000,30000,10000,6000,2,2
"393","393","081117_1016","no",3,9,10067,3000,5000,1000,2500,8000,1,1
"394","394","081117_1016","no",3,10,10067,3000,2400,1900,500,5000,2,1
"395","395","081117_1016","no",3,11,10067,10000,5000,15000,8000,16000,2,2
"396","396","081117_1016","no",3,12,10067,10000,5400,3500,3000,2000,1,1
"397","397","081117_1016","aggregated",4,1,198,25,50,35,25,19,1,1
"398","398","081117_1016","aggregated",4,2,198,20,150,180,195,120,2,1
"399","399","081117_1016","aggregated",4,3,198,82,150,220,175,205,4,5
"400","400","081117_1016","aggregated",4,4,198,1000,400,300,300,250,3,3
"401","401","081117_1016","aggregated",4,5,198,5,20,8,13,16,2,2
"402","402","081117_1016","aggregated",4,6,198,1287,598,356,284,163,1,1
"403","403","081117_1016","aggregated",4,7,198,10,300,150,100,25,1,1
"404","404","081117_1016","aggregated",4,8,198,600,300,180,150,120,2,2
"405","405","081117_1016","aggregated",4,9,198,300,380,450,120,75,2,2
"406","406","081117_1016","aggregated",4,10,198,500,420,320,190,245,1,1
"407","407","081117_1016","aggregated",4,11,198,70,90,100,110,100,2,2
"408","408","081117_1016","aggregated",4,12,198,150,333,222,130,120,1,1
"409","409","081117_1016","full",5,1,639,100,80,150,70,80,1,1
"410","410","081117_1016","full",5,2,639,3000,700,500,400,600,3,2
"411","411","081117_1016","full",5,3,639,950,2500,1200,650,4500,1,1
"412","412","081117_1016","full",5,4,639,600,500,400,300,300,3,3
"413","413","081117_1016","full",5,5,639,100,300,450,1000,70,1,1
"414","414","081117_1016","full",5,6,639,1297,798,645,597,776,2,2
"415","415","081117_1016","full",5,7,639,1000,250,300,500,456,1,1
"416","416","081117_1016","full",5,8,639,400,500,600,700,250,2,1
"417","417","081117_1016","full",5,9,639,100,200,80,130,40,2,2
"418","418","081117_1016","full",5,10,639,250,350,420,375,450,1,1
"419","419","081117_1016","full",5,11,639,250,300,280,200,200,1,1
"420","420","081117_1016","full",5,12,639,8000,500,900,600,200,1,1
"421","421","081117_1016","no",6,1,9272,10000,13000,8800,7500,11000,1,1
"422","422","081117_1016","no",6,2,9272,50000,50000,30000,20000,18000,2,2
"423","423","081117_1016","no",6,3,9272,2500,4200,3600,7400,2900,3,2
"424","424","081117_1016","no",6,4,9272,10000,5000,7000,8000,4000,2,2
"425","425","081117_1016","no",6,5,9272,5e+05,1500000,1e+07,750000,8e+05,1,1
"426","426","081117_1016","no",6,6,9272,12600,9800,6500,7200,3590,2,3
"427","427","081117_1016","no",6,7,9272,150000,1e+05,50000,1e+05,2e+05,1,1
"428","428","081117_1016","no",6,8,9272,25000,40000,45000,35000,50000,2,2
"429","429","081117_1016","no",6,9,9272,50000,5000,2000,3000,7000,1,1
"430","430","081117_1016","no",6,10,9272,1200,1800,2100,1700,3200,2,2
"431","431","081117_1016","no",6,11,9272,50000,70000,70000,1e+05,10000,1,1
"432","432","081117_1016","no",6,12,9272,30000,10000,60000,40000,45000,1,1
"433","433","081117_1548","no",1,1,184,50,1000,500,666,777,2,1
"434","434","081117_1548","no",1,2,184,2,3,1,5,2,3,3
"435","435","081117_1548","no",1,3,184,60,70,80,50,90,2,2
"436","436","081117_1548","no",1,4,184,50,30,15,15,15,2,3
"437","437","081117_1548","no",1,5,184,150,120,160,100,170,3,4
"438","438","081117_1548","no",1,6,184,1230,2350,1200,750,700,2,2
"439","439","081117_1548","no",1,7,184,50,80,30,40,60,1,2
"440","440","081117_1548","no",1,8,184,5000,7000,2000,800,900,1,1
"441","441","081117_1548","no",1,9,184,100,150,100,80,8,2,1
"442","442","081117_1548","no",1,10,184,2000,200,150,300,600,4,2
"443","443","081117_1548","no",1,11,184,50,700,100,583,380,2,2
"444","444","081117_1548","no",1,12,184,200,3000,30,300,3000,1,1
"445","445","081117_1548","aggregated",2,1,734,500,600,700,700,750,2,1
"446","446","081117_1548","aggregated",2,2,734,250,600,900,712,837,5,4
"447","447","081117_1548","aggregated",2,3,734,800,700,750,900,850,3,3
"448","448","081117_1548","aggregated",2,4,734,500,800,850,850,875,1,2
"449","449","081117_1548","aggregated",2,5,734,1000,1000,1200,800,900,2,2
"450","450","081117_1548","aggregated",2,6,734,2000,2000,1500,2500,2400,3,2
"451","451","081117_1548","aggregated",2,7,734,1000,700,1300,1100,1200,1,1
"452","452","081117_1548","aggregated",2,8,734,400,600,680,800,500,1,1
"453","453","081117_1548","aggregated",2,9,734,550,550,550,650,650,3,3
"454","454","081117_1548","aggregated",2,10,734,900,700,813,765,860,3,2
"455","455","081117_1548","aggregated",2,11,734,250,650,750,774,800,3,2
"456","456","081117_1548","aggregated",2,12,734,250,400,775,688,900,1,1
"457","457","081117_1548","full",3,1,10067,15000,20000,10000,12000,8000,1,1
"458","458","081117_1548","full",3,2,10067,1e+05,125000,75000,8000,50000,5,4
"459","459","081117_1548","full",3,3,10067,2000,5000,10000,9000,11000,3,2
"460","460","081117_1548","full",3,4,10067,10000,17000,15000,9000,11000,1,2
"461","461","081117_1548","full",3,5,10067,2000,4000,15000,8000,10000,2,2
"462","462","081117_1548","full",3,6,10067,4000,3000,3654,6512,4531,2,2
"463","463","081117_1548","full",3,7,10067,50000,8099,2000,6000,15000,1,1
"464","464","081117_1548","full",3,8,10067,50000,10000,8000,15000,30000,1,1
"465","465","081117_1548","full",3,9,10067,30000,10000,10000,15000,5000,1,1
"466","466","081117_1548","full",3,10,10067,2e+05,1e+05,150563,170534,80009,1,1
"467","467","081117_1548","full",3,11,10067,2500,7500,8099,7777,8500,2,2
"468","468","081117_1548","full",3,12,10067,8099,10102,9647,6012,15023,1,1
"469","469","081117_1548","no",4,1,198,40,20,50,70,100,1,1
"470","470","081117_1548","no",4,2,198,60,136,365,211,96,5,5
"471","471","081117_1548","no",4,3,198,38,43,36,45,34,3,3
"472","472","081117_1548","no",4,4,198,14,24,34,20,26,2,2
"473","473","081117_1548","no",4,5,198,500,750,250,350,450,2,2
"474","474","081117_1548","no",4,6,198,200,400,150,100,200,2,2
"475","475","081117_1548","no",4,7,198,40,10,100,200,20,1,1
"476","476","081117_1548","no",4,8,198,70,40,30,80,100,1,1
"477","477","081117_1548","no",4,9,198,20,30,16,58,30,4,4
"478","478","081117_1548","no",4,10,198,19,23,16,25,21,4,4
"479","479","081117_1548","no",4,11,198,15,5,20,27,35,2,1
"480","480","081117_1548","no",4,12,198,100,85,55,106,38,1,1
"481","481","081117_1548","aggregated",5,1,639,400,300,250,275,230,1,1
"482","482","081117_1548","aggregated",5,2,639,50,150,200,160,135,4,5
"483","483","081117_1548","aggregated",5,3,639,300,300,250,275,240,2,2
"484","484","081117_1548","aggregated",5,4,639,160,180,200,300,250,1,2
"485","485","081117_1548","aggregated",5,5,639,200,150,300,100,250,2,2
"486","486","081117_1548","aggregated",5,6,639,50,23,70,150,30,2,2
"487","487","081117_1548","aggregated",5,7,639,500,300,400,200,250,1,1
"488","488","081117_1548","aggregated",5,8,639,200,300,400,280,340,1,1
"489","489","081117_1548","aggregated",5,9,639,150,250,200,225,200,3,3
"490","490","081117_1548","aggregated",5,10,639,450,520,200,300,490,2,2
"491","491","081117_1548","aggregated",5,11,639,250,310,260,260,280,2,4
"492","492","081117_1548","aggregated",5,12,639,800,301,396,280,346,1,1
"493","493","081117_1548","full",6,1,9272,40000,7000,5000,6000,5500,1,1
"494","494","081117_1548","full",6,2,9272,1000,2000,2135,1947,6000,2,3
"495","495","081117_1548","full",6,3,9272,3000,5000,4500,6000,5500,2,3
"496","496","081117_1548","full",6,4,9272,2000,3000,6000,6000,6000,1,2
"497","497","081117_1548","full",6,5,9272,20000,10000,5000,12000,2000,2,2
"498","498","081117_1548","full",6,6,9272,5632,7500,8654,4632,6422,1,3
"499","499","081117_1548","full",6,7,9272,3000,1000,2000,5000,8000,1,1
"500","500","081117_1548","full",6,8,9272,1e+06,50000,10000,8000,5000,1,1
"501","501","081117_1548","full",6,9,9272,5500,11000,9000,6000,6000,2,2
"502","502","081117_1548","full",6,10,9272,1000,1304,2000,2302,923,1,1
"503","503","081117_1548","full",6,11,9272,5500,5800,6900,6600,4800,3,3
"504","504","081117_1548","full",6,12,9272,1652,1899,1468,2345,2000,1,1
"505","505","081118_1545","full",1,1,184,150,170,160,180,150,2,4
"506","506","081118_1545","full",1,2,184,170,300,250,300,350,6,6
"507","507","081118_1545","full",1,3,184,2,150,200,200,120,1,1
"508","508","081118_1545","full",1,4,184,80,150,90,200,60,1,3
"509","509","081118_1545","full",1,5,184,825,200,180,190,185,5,4
"510","510","081118_1545","full",1,6,184,1200,800,1500,150,120,3,1
"511","511","081118_1545","full",1,7,184,100,300,400,200,200,4,4
"512","512","081118_1545","full",1,8,184,12,56,38,60,113,1,1
"513","513","081118_1545","full",1,9,184,17000,1700,2000,1200,2000,2,2
"514","514","081118_1545","full",1,10,184,180,200,150,190,210,5,4
"515","515","081118_1545","full",1,11,184,3000,3000,1500,1000,800,1,4
"516","516","081118_1545","full",1,12,184,100,150,150,150,160,3,4
"517","517","081118_1545","no",2,1,734,250,200,300,250,250,2,2
"518","518","081118_1545","no",2,2,734,2000,3000,3500,3500,2000,2,2
"519","519","081118_1545","no",2,3,734,500,1000,100,700,300,1,1
"520","520","081118_1545","no",2,4,734,400,550,600,520,475,2,3
"521","521","081118_1545","no",2,5,734,750,500,1000,750,666,2,2
"522","522","081118_1545","no",2,6,734,700,690,710,700,700,5,5
"523","523","081118_1545","no",2,7,734,1000,1500,700,900,1100,4,4
"524","524","081118_1545","no",2,8,734,200,400,320,270,300,1,1
"525","525","081118_1545","no",2,9,734,250,300,325,350,280,2,2
"526","526","081118_1545","no",2,10,734,290,250,220,190,210,4,4
"527","527","081118_1545","no",2,11,734,350,600,630,650,530,4,5
"528","528","081118_1545","no",2,12,734,1500,1200,1000,1100,1200,2,2
"529","529","081118_1545","aggregated",3,1,10067,1000,2000,1500,3000,5000,2,2
"530","530","081118_1545","aggregated",3,2,10067,10000,12000,8000,8000,8000,2,2
"531","531","081118_1545","aggregated",3,3,10067,50000,10000,8000,12000,9500,1,2
"532","532","081118_1545","aggregated",3,4,10067,30000,25000,20000,10000,20000,1,1
"533","533","081118_1545","aggregated",3,5,10067,15000,12500,10000,15000,17500,2,2
"534","534","081118_1545","aggregated",3,6,10067,4500,6500,2500,5000,6000,1,1
"535","535","081118_1545","aggregated",3,7,10067,50000,20000,10000,15000,5000,2,1
"536","536","081118_1545","aggregated",3,8,10067,800,860,960,1100,4500,1,1
"537","537","081118_1545","aggregated",3,9,10067,1000,6000,5000,11000,7500,1,1
"538","538","081118_1545","aggregated",3,10,10067,3500,4000,6000,5500,4700,4,5
"539","539","081118_1545","aggregated",3,11,10067,20000,18000,12000,15000,10000,4,3
"540","540","081118_1545","aggregated",3,12,10067,5000,10000,80000,12000,10000,1,1
"541","541","081118_1545","full",4,1,198,2000,1500,500,500,500,2,2
"542","542","081118_1545","full",4,2,198,213,214,215,150,190,2,6
"543","543","081118_1545","full",4,3,198,200,250,200,180,160,1,1
"544","544","081118_1545","full",4,4,198,800,600,350,400,460,2,1
"545","545","081118_1545","full",4,5,198,350,175,222,169,150,2,2
"546","546","081118_1545","full",4,6,198,100,150,200,120,150,1,1
"547","547","081118_1545","full",4,7,198,200,300,400,200,500,1,2
"548","548","081118_1545","full",4,8,198,450,300,150,220,213,1,1
"549","549","081118_1545","full",4,9,198,80,100,60,50,65,1,2
"550","550","081118_1545","full",4,10,198,40,60,70,75,75,4,4
"551","551","081118_1545","full",4,11,198,52,104,52,75,50,4,4
"552","552","081118_1545","full",4,12,198,250,200,250,200,180,1,1
"553","553","081118_1545","no",5,1,639,1500,1000,2000,1700,2500,2,2
"554","554","081118_1545","no",5,2,639,200,250,275,225,200,2,2
"555","555","081118_1545","no",5,3,639,1000,500,1500,1000,1782,1,1
"556","556","081118_1545","no",5,4,639,5000,10000,1850,7500,4000,1,1
"557","557","081118_1545","no",5,5,639,150,100,75,50,75,4,4
"558","558","081118_1545","no",5,6,639,600,650,660,630,620,5,5
"559","559","081118_1545","no",5,7,639,10000,5000,20000,7000,2000,2,1
"560","560","081118_1545","no",5,8,639,61,50,49,52,58,1,1
"561","561","081118_1545","no",5,9,639,2000,1500,2500,4000,5000,1,1
"562","562","081118_1545","no",5,10,639,3700,3800,4000,3900,5000,4,2
"563","563","081118_1545","no",5,11,639,1200,800,707,450,712,3,3
"564","564","081118_1545","no",5,12,639,150,200,180,250,220,1,1
"565","565","081118_1545","aggregated",6,1,9272,2000,3000,5000,7000,10000,2,2
"566","566","081118_1545","aggregated",6,2,9272,1500,40000,30000,30000,25000,2,2
"567","567","081118_1545","aggregated",6,3,9272,500,65000,55000,40000,30000,1,1
"568","568","081118_1545","aggregated",6,4,9272,15800,23000,28000,29000,19000,2,1
"569","569","081118_1545","aggregated",6,5,9272,1250,3750,4250,6250,7500,2,2
"570","570","081118_1545","aggregated",6,6,9272,4500,6500,15000,25000,30000,2,1
"571","571","081118_1545","aggregated",6,7,9272,15000,60000,50000,50000,40000,3,4
"572","572","081118_1545","aggregated",6,8,9272,6700,13000,34000,18500,23000,1,1
"573","573","081118_1545","aggregated",6,9,9272,800,6000,10000,20000,15000,1,1
"574","574","081118_1545","aggregated",6,10,9272,700500,4e+05,250000,150000,1e+05,4,2
"575","575","081118_1545","aggregated",6,11,9272,1200,1800,2000,1800,1800,3,3
"576","576","081118_1545","aggregated",6,12,9272,1600,25000,35000,30000,20000,1,1
"577","577","081119_1525","aggregated",1,1,184,90,200,150,130,150,1,1
"578","578","081119_1525","aggregated",1,2,184,50,150,60,45,100,5,5
"579","579","081119_1525","aggregated",1,3,184,11,110,150,150,150,2,1
"580","580","081119_1525","aggregated",1,4,184,210,245,288,190,200,6,5
"581","581","081119_1525","aggregated",1,5,184,25,100,60,80,50,4,4
"582","582","081119_1525","aggregated",1,6,184,2000,312,200,100,140,2,2
"583","583","081119_1525","aggregated",1,7,184,100,500,50,250,150,1,5
"584","584","081119_1525","aggregated",1,8,184,100,150,120,120,110,2,2
"585","585","081119_1525","aggregated",1,9,184,100,50,200,250,150,1,2
"586","586","081119_1525","aggregated",1,10,184,32,100,150,200,200,4,3
"587","587","081119_1525","aggregated",1,11,184,1000,100,100,100,100,1,2
"588","588","081119_1525","aggregated",1,12,184,30,150,150,120,100,1,3
"589","589","081119_1525","full",2,1,734,700,800,720,750,700,3,1
"590","590","081119_1525","full",2,2,734,300,270,330,350,280,4,6
"591","591","081119_1525","full",2,3,734,150,300,275,320,350,2,2
"592","592","081119_1525","full",2,4,734,3800,380,256,222,512,4,3
"593","593","081119_1525","full",2,5,734,300,250,200,320,230,4,4
"594","594","081119_1525","full",2,6,734,300,350,325,410,365,3,4
"595","595","081119_1525","full",2,7,734,100,400,600,300,500,1,5
"596","596","081119_1525","full",2,8,734,500,600,400,350,350,3,3
"597","597","081119_1525","full",2,9,734,5000,300,350,400,600,2,1
"598","598","081119_1525","full",2,10,734,300,300,280,320,350,3,3
"599","599","081119_1525","full",2,11,734,50,100,150,110,150,1,2
"600","600","081119_1525","full",2,12,734,450,300,350,350,350,2,3
"601","601","081119_1525","no",3,1,10067,20000,22000,19000,21000,15000,3,1
"602","602","081119_1525","no",3,2,10067,6000,8000,5000,4000,10000,4,4
"603","603","081119_1525","no",3,3,10067,17500,17500,17500,17500,17500,2,2
"604","604","081119_1525","no",3,4,10067,1500,15000,7500,12500,2250,2,2
"605","605","081119_1525","no",3,5,10067,23000,25000,25000,23000,24000,3,3
"606","606","081119_1525","no",3,6,10067,320000,240000,260000,285000,350000,2,2
"607","607","081119_1525","no",3,7,10067,5000,2500,1000,500,2000,2,2
"608","608","081119_1525","no",3,8,10067,5000,5000,2800,3500,3500,3,3
"609","609","081119_1525","no",3,9,10067,10000,5000,2500,3000,750,1,1
"610","610","081119_1525","no",3,10,10067,6000,6500,6500,6500,6500,4,4
"611","611","081119_1525","no",3,11,10067,20000,40000,30000,10000,15000,2,2
"612","612","081119_1525","no",3,12,10067,2000,2000,2000,2000,2000,3,3
"613","613","081119_1525","aggregated",4,1,198,632,260,250,200,264,1,1
"614","614","081119_1525","aggregated",4,2,198,20,30,40,250,200,4,4
"615","615","081119_1525","aggregated",4,3,198,350,330,250,250,230,1,1
"616","616","081119_1525","aggregated",4,4,198,512,256,1024,128,288,4,4
"617","617","081119_1525","aggregated",4,5,198,200,400,280,320,260,3,3
"618","618","081119_1525","aggregated",4,6,198,300,250,200,250,225,3,4
"619","619","081119_1525","aggregated",4,7,198,50,100,150,125,200,3,4
"620","620","081119_1525","aggregated",4,8,198,70,140,160,180,170,2,2
"621","621","081119_1525","aggregated",4,9,198,200,150,250,300,275,1,1
"622","622","081119_1525","aggregated",4,10,198,600,400,400,300,300,2,2
"623","623","081119_1525","aggregated",4,11,198,100,200,150,200,250,1,1
"624","624","081119_1525","aggregated",4,12,198,10,20,20,20,30,4,4
"625","625","081119_1525","full",5,1,639,250,400,350,650,500,2,1
"626","626","081119_1525","full",5,2,639,350,300,250,200,150,4,4
"627","627","081119_1525","full",5,3,639,50,100,130,180,250,1,1
"628","628","081119_1525","full",5,4,639,22000,2200,220,110,99,4,2
"629","629","081119_1525","full",5,5,639,400,600,300,500,280,2,2
"630","630","081119_1525","full",5,6,639,400,330,475,200,300,2,2
"631","631","081119_1525","full",5,7,639,20,100,150,50,250,3,3
"632","632","081119_1525","full",5,8,639,200,180,140,160,140,2,2
"633","633","081119_1525","full",5,9,639,170,100,200,230,300,1,1
"634","634","081119_1525","full",5,10,639,1000,800,500,600,400,3,3
"635","635","081119_1525","full",5,11,639,100,150,200,150,1e+09,2,1
"636","636","081119_1525","full",5,12,639,200,300,300,300,300,5,5
"637","637","081119_1525","no",6,1,9272,120000,150000,50000,13000,1e+05,1,1
"638","638","081119_1525","no",6,2,9272,20000,40000,60000,15000,8000,2,2
"639","639","081119_1525","no",6,3,9272,1e+05,36000,18000,18000,18000,1,1
"640","640","081119_1525","no",6,4,9272,512,1024,768,256,2048,4,4
"641","641","081119_1525","no",6,5,9272,2e+05,4e+05,90000,650000,150000,2,2
"642","642","081119_1525","no",6,6,9272,10000,15000,50000,40000,70000,2,2
"643","643","081119_1525","no",6,7,9272,50000,1e+05,5e+05,250000,1e+06,1,2
"644","644","081119_1525","no",6,8,9272,15000,13000,13000,12000,10000,2,2
"645","645","081119_1525","no",6,9,9272,1000,2000,1500,2300,750,2,1
"646","646","081119_1525","no",6,10,9272,1000,500,1500,2000,750,2,2
"647","647","081119_1525","no",6,11,9272,1000,900,1100,500,1500,2,2
"648","648","081119_1525","no",6,12,9272,8000,12000,6000,8000,8000,1,1
"649","649","081120_0951","no",1,1,184,20000,30000,5000,3000,1500,2,2
"650","650","081120_0951","no",1,2,184,140,180,186,187,185,4,5
"651","651","081120_0951","no",1,3,184,175,180,178,165,168,4,3
"652","652","081120_0951","no",1,4,184,100,50,130,150,140,4,4
"653","653","081120_0951","no",1,5,184,100,50,120,150,80,1,1
"654","654","081120_0951","no",1,6,184,1000,80,72,77,77,4,4
"655","655","081120_0951","no",1,7,184,120,1000,60,90,500,2,1
"656","656","081120_0951","no",1,8,184,1400,713,800,1200,750,3,3
"657","657","081120_0951","no",1,9,184,17,25,31,22,54,1,1
"658","658","081120_0951","no",1,10,184,100,120,140,160,130,3,3
"659","659","081120_0951","no",1,11,184,100,900,750,800,500,4,2
"660","660","081120_0951","no",1,12,184,20,50,80,30,40,3,2
"661","661","081120_0951","aggregated",2,1,734,80,300,150,250,400,1,1
"662","662","081120_0951","aggregated",2,2,734,350,340,330,335,365,4,4
"663","663","081120_0951","aggregated",2,3,734,300,200,400,350,400,1,1
"664","664","081120_0951","aggregated",2,4,734,300,300,300,300,310,5,5
"665","665","081120_0951","aggregated",2,5,734,120,200,250,300,280,2,2
"666","666","081120_0951","aggregated",2,6,734,92,144,122,124,148,5,5
"667","667","081120_0951","aggregated",2,7,734,310,200,400,500,339,3,2
"668","668","081120_0951","aggregated",2,8,734,700,750,680,700,720,5,5
"669","669","081120_0951","aggregated",2,9,734,200,300,276,245,386,1,1
"670","670","081120_0951","aggregated",2,10,734,300,300,350,350,350,2,2
"671","671","081120_0951","aggregated",2,11,734,100,150,200,500,400,5,3
"672","672","081120_0951","aggregated",2,12,734,100,130,130,160,150,4,3
"673","673","081120_0951","full",3,1,10067,10000,30000,40000,25000,50000,1,1
"674","674","081120_0951","full",3,2,10067,6000,7000,11000,20000,8500,4,4
"675","675","081120_0951","full",3,3,10067,4000,5000,1000,3500,20000,1,1
"676","676","081120_0951","full",3,4,10067,1e+05,40000,30000,20000,25000,4,4
"677","677","081120_0951","full",3,5,10067,1e+05,50000,40000,30000,25000,1,1
"678","678","081120_0951","full",3,6,10067,3700,4200,4200,5600,5700,4,4
"679","679","081120_0951","full",3,7,10067,25000,15000,21337,35123,21337,2,3
"680","680","081120_0951","full",3,8,10067,10000,12000,11000,14000,12000,4,5
"681","681","081120_0951","full",3,9,10067,35,25478,64512,54213,48652,1,1
"682","682","081120_0951","full",3,10,10067,20000,30000,40000,35000,25000,2,2
"683","683","081120_0951","full",3,11,10067,5000,10000,17000,2000,8000,4,4
"684","684","081120_0951","full",3,12,10067,20000,22000,25000,24000,25000,4,3
"685","685","081120_0951","no",4,1,198,150,70,300,200,80,2,2
"686","686","081120_0951","no",4,2,198,120,110,100,102,150,4,4
"687","687","081120_0951","no",4,3,198,25000,50000,55000,40000,70000,1,1
"688","688","081120_0951","no",4,4,198,100,1000,2000,2500,10000,3,3
"689","689","081120_0951","no",4,5,198,250,150,200,400,100,2,1
"690","690","081120_0951","no",4,6,198,2600,3100,2882,1770,1770,2,3
"691","691","081120_0951","no",4,7,198,5000,10000,2500,1000,500,1,1
"692","692","081120_0951","no",4,8,198,380,370,300,350,280,5,4
"693","693","081120_0951","no",4,9,198,1000,3000,2500,1245,1952,2,1
"694","694","081120_0951","no",4,10,198,60,80,120,180,100,2,2
"695","695","081120_0951","no",4,11,198,15,10,20,35,15,3,3
"696","696","081120_0951","no",4,12,198,800,800,800,800,800,3,3
"697","697","081120_0951","aggregated",5,1,639,100,150,200,300,250,2,2
"698","698","081120_0951","aggregated",5,2,639,300,280,275,330,400,4,4
"699","699","081120_0951","aggregated",5,3,639,200,50,100,300,75,1,1
"700","700","081120_0951","aggregated",5,4,639,100,200,200,250,230,4,4
"701","701","081120_0951","aggregated",5,5,639,200,250,280,300,310,2,1
"702","702","081120_0951","aggregated",5,6,639,62,112,120,122,110,3,3
"703","703","081120_0951","aggregated",5,7,639,200,210,230,240,250,2,3
"704","704","081120_0951","aggregated",5,8,639,400,390,380,390,380,5,5
"705","705","081120_0951","aggregated",5,9,639,168,194,1222222,245,267,1,1
"706","706","081120_0951","aggregated",5,10,639,1000,800,600,600,500,1,1
"707","707","081120_0951","aggregated",5,11,639,50,250,150,200,100,2,3
"708","708","081120_0951","aggregated",5,12,639,30,200,170,170,150,2,2
"709","709","081120_0951","full",6,1,9272,1000,5000,7500,8000,3000,1,1
"710","710","081120_0951","full",6,2,9272,10000,7000,7500,11000,12500,4,4
"711","711","081120_0951","full",6,3,9272,2500,7000,10000,12500,15000,1,1
"712","712","081120_0951","full",6,4,9272,10000,8000,7000,6000,9000,3,4
"713","713","081120_0951","full",6,5,9272,2000,6000,7500,5000,10000,1,1
"714","714","081120_0951","full",6,6,9272,6200,5000,6000,5800,6200,2,3
"715","715","081120_0951","full",6,7,9272,4000,8000,16000,12000,10000,1,1
"716","716","081120_0951","full",6,8,9272,800,2000,2500,3000,2750,3,2
"717","717","081120_0951","full",6,9,9272,1542,3657,0,4986,7542,1,1
"718","718","081120_0951","full",6,10,9272,5000,10000,7500,20000,15000,1,1
"719","719","081120_0951","full",6,11,9272,10000,7500,8750,16000,25000,4,3
"720","720","081120_0951","full",6,12,9272,7000,7000,8000,9000,6000,3,3
"721","721","081120_1536","full",1,1,184,200,240,600,600,500,2,4
"722","722","081120_1536","full",1,2,184,200,200,200,200,200,1,1
"723","723","081120_1536","full",1,3,184,350,240,300,370,360,2,2
"724","724","081120_1536","full",1,4,184,1000,800,500,300,400,1,4
"725","725","081120_1536","full",1,5,184,5000,1000,800,500,200,1,1
"726","726","081120_1536","full",1,6,184,800,500,240,400,550,2,2
"727","727","081120_1536","full",1,7,184,15,30,60,200,300,2,3
"728","728","081120_1536","full",1,8,184,600,45,137,500,299,3,4
"729","729","081120_1536","full",1,9,184,1,1500,1000,800,800,3,4
"730","730","081120_1536","full",1,10,184,25,200,200,160,160,1,3
"731","731","081120_1536","full",1,11,184,10,500,450,30,300,1,1
"732","732","081120_1536","full",1,12,184,150,200,213,174,301,1,2
"733","733","081120_1536","no",2,1,734,700,650,600,700,720,3,4
"734","734","081120_1536","no",2,2,734,500,450,550,600,700,1,1
"735","735","081120_1536","no",2,3,734,12000,200,340,300,330,4,2
"736","736","081120_1536","no",2,4,734,200,300,250,300,350,3,2
"737","737","081120_1536","no",2,5,734,300,100,70,150,240,1,2
"738","738","081120_1536","no",2,6,734,250,350,300,200,220,2,2
"739","739","081120_1536","no",2,7,734,50,150,200,230,250,5,3
"740","740","081120_1536","no",2,8,734,350,1000,600,738,925,3,2
"741","741","081120_1536","no",2,9,734,60000,1000,2000,1500,500,1,1
"742","742","081120_1536","no",2,10,734,350,350,350,350,350,5,5
"743","743","081120_1536","no",2,11,734,700,3000,5000,4000,4500,1,1
"744","744","081120_1536","no",2,12,734,100,150,200,175,164,3,3
"745","745","081120_1536","aggregated",3,1,10067,10000,9900,10000,10000,9800,5,6
"746","746","081120_1536","aggregated",3,2,10067,3000,3000,3000,3000,3000,1,2
"747","747","081120_1536","aggregated",3,3,10067,10000,5000,9000,4500,5500,1,2
"748","748","081120_1536","aggregated",3,4,10067,10000,8000,7000,6000,6500,3,3
"749","749","081120_1536","aggregated",3,5,10067,1000,4000,6000,8000,5000,2,2
"750","750","081120_1536","aggregated",3,6,10067,10000,5000,7000,4500,6256,1,2
"751","751","081120_1536","aggregated",3,7,10067,1000,5000,5500,4500,7000,2,3
"752","752","081120_1536","aggregated",3,8,10067,15000,7000,6000,4500,8000,2,3
"753","753","081120_1536","aggregated",3,9,10067,2000,6000,6000,7000,5000,1,1
"754","754","081120_1536","aggregated",3,10,10067,15000,8000,6500,6500,6000,1,2
"755","755","081120_1536","aggregated",3,11,10067,1000,7000,5000,4000,8000,1,1
"756","756","081120_1536","aggregated",3,12,10067,3000,7000,5152,6102,5123,2,2
"757","757","081120_1536","full",4,1,198,500,600,600,600,600,5,5
"758","758","081120_1536","full",4,2,198,80,80,60,40,40,2,1
"759","759","081120_1536","full",4,3,198,15,45,12,35,25,1,2
"760","760","081120_1536","full",4,4,198,3000,400,350,200,250,3,4
"761","761","081120_1536","full",4,5,198,300,400,200,400,300,1,1
"762","762","081120_1536","full",4,6,198,50,80,40,100,200,1,1
"763","763","081120_1536","full",4,7,198,30,50,10,40,70,2,3
"764","764","081120_1536","full",4,8,198,200,400,550,425,108,4,5
"765","765","081120_1536","full",4,9,198,300,200,100,500,60,3,2
"766","766","081120_1536","full",4,10,198,10,50,60,55,55,3,1
"767","767","081120_1536","full",4,11,198,150,200,70,200,400,1,1
"768","768","081120_1536","full",4,12,198,20,35,100,123,75,1,1
"769","769","081120_1536","no",5,1,639,900,850,950,900,1000,4,3
"770","770","081120_1536","no",5,2,639,60,80,100,70,50,1,1
"771","771","081120_1536","no",5,3,639,50,30,20,40,30,1,1
"772","772","081120_1536","no",5,4,639,50,30,70,40,60,2,2
"773","773","081120_1536","no",5,5,639,10000,9000,20000,5000,25000,2,1
"774","774","081120_1536","no",5,6,639,18,4,30,10,50,2,1
"775","775","081120_1536","no",5,7,639,1000,20000,15000,20000,17500,3,4
"776","776","081120_1536","no",5,8,639,150,236,139,288,200,5,5
"777","777","081120_1536","no",5,9,639,500,700,300,200,500,1,1
"778","778","081120_1536","no",5,10,639,280,300,300,290,350,2,2
"779","779","081120_1536","no",5,11,639,300,250,150,60,50,1,1
"780","780","081120_1536","no",5,12,639,500,1000,250,750,1500,1,1
"781","781","081120_1536","aggregated",6,1,9272,900,13000,5000,10000,9000,3,2
"782","782","081120_1536","aggregated",6,2,9272,15000,2000,5000,7000,9000,2,1
"783","783","081120_1536","aggregated",6,3,9272,12000,8000,13000,10000,16000,1,2
"784","784","081120_1536","aggregated",6,4,9272,2000,5000,8000,7000,9000,2,4
"785","785","081120_1536","aggregated",6,5,9272,500,4000,10000,9000,12000,2,1
"786","786","081120_1536","aggregated",6,6,9272,5000,12000,20000,80000,15791,1,1
"787","787","081120_1536","aggregated",6,7,9272,700,3000,4000,7000,10000,2,4
"788","788","081120_1536","aggregated",6,8,9272,1750,6000,2500,13500,6543,2,2
"789","789","081120_1536","aggregated",6,9,9272,2000,9000,6000,9000,8000,2,1
"790","790","081120_1536","aggregated",6,10,9272,50000,35000,15000,15000,16000,2,1
"791","791","081120_1536","aggregated",6,11,9272,1200,9000,12000,7000,21000,1,1
"792","792","081120_1536","aggregated",6,12,9272,2000,5000,10000,15001,12345,1,1
"793","793","081121_0739","aggregated",1,1,184,30,35,40,40,40,1,1
"794","794","081121_0739","aggregated",1,2,184,5,60,70,40,80,1,2
"795","795","081121_0739","aggregated",1,3,184,3,1000,600,500,500,1,3
"796","796","081121_0739","aggregated",1,4,184,50,200,150,120,80,2,5
"797","797","081121_0739","aggregated",1,5,184,150,200,120,100,90,1,2
"798","798","081121_0739","aggregated",1,6,184,700,650,600,600,550,3,4
"799","799","081121_0739","aggregated",1,7,184,150,150,160,160,160,4,5
"800","800","081121_0739","aggregated",1,8,184,5,25,40,35,50,1,1
"801","801","081121_0739","aggregated",1,9,184,5,70,120,35,96,4,4
"802","802","081121_0739","aggregated",1,10,184,200,180,220,175,195,5,5
"803","803","081121_0739","aggregated",1,11,184,5000,1000,200,150,180,1,1
"804","804","081121_0739","aggregated",1,12,184,10,10,20,50,50,1,1
"805","805","081121_0739","full",2,1,734,150,300,400,350,320,1,1
"806","806","081121_0739","full",2,2,734,50,100,100,150,200,1,1
"807","807","081121_0739","full",2,3,734,1500,1200,1200,1500,1500,5,6
"808","808","081121_0739","full",2,4,734,100,250,350,450,450,5,5
"809","809","081121_0739","full",2,5,734,300,250,360,500,310,4,4
"810","810","081121_0739","full",2,6,734,900,500,500,700,650,1,2
"811","811","081121_0739","full",2,7,734,300,300,350,350,300,4,5
"812","812","081121_0739","full",2,8,734,5500,5000,4000,2500,2150,2,1
"813","813","081121_0739","full",2,9,734,250,400,350,270,330,3,5
"814","814","081121_0739","full",2,10,734,400,563,322,418,296,4,4
"815","815","081121_0739","full",2,11,734,200,300,500,400,200,2,1
"816","816","081121_0739","full",2,12,734,400,400,427,502,450,1,2
"817","817","081121_0739","no",3,1,10067,7000,7500,8500,8300,8000,1,1
"818","818","081121_0739","no",3,2,10067,5000,10000,7500,6000,15000,2,2
"819","819","081121_0739","no",3,3,10067,5000,5000,6000,6000,5000,4,5
"820","820","081121_0739","no",3,4,10067,10100,30000,40000,35000,20000,2,4
"821","821","081121_0739","no",3,5,10067,3000,6000,8000,7000,5000,4,5
"822","822","081121_0739","no",3,6,10067,20000,12000,1200,1000,800,2,3
"823","823","081121_0739","no",3,7,10067,10000,10000,5000,7000,5000,3,3
"824","824","081121_0739","no",3,8,10067,5000,5500,10000,8000,15000,1,1
"825","825","081121_0739","no",3,9,10067,14000,25000,16843,18362,15037,5,5
"826","826","081121_0739","no",3,10,10067,15234,8745,4692,2935,2189,3,3
"827","827","081121_0739","no",3,11,10067,350000,4e+05,3e+05,370000,320000,1,1
"828","828","081121_0739","no",3,12,10067,30000,15000,10000,8000,10000,1,1
"829","829","081121_0739","aggregated",4,1,198,1500,1600,1200,1100,950,1,1
"830","830","081121_0739","aggregated",4,2,198,250,450,350,500,350,3,3
"831","831","081121_0739","aggregated",4,3,198,100,100,100,100,100,3,6
"832","832","081121_0739","aggregated",4,4,198,150,500,800,600,300,5,5
"833","833","081121_0739","aggregated",4,5,198,400,700,500,200,110,1,2
"834","834","081121_0739","aggregated",4,6,198,150,170,200,200,180,4,3
"835","835","081121_0739","aggregated",4,7,198,300,400,600,500,400,4,4
"836","836","081121_0739","aggregated",4,8,198,270,260,275,280,270,2,4
"837","837","081121_0739","aggregated",4,9,198,250,1800,1000,350,500,4,5
"838","838","081121_0739","aggregated",4,10,198,1000,896,406,265,318,3,4
"839","839","081121_0739","aggregated",4,11,198,20000,10000,5000,1000,400,1,1
"840","840","081121_0739","aggregated",4,12,198,160,300,350,350,350,2,2
"841","841","081121_0739","full",5,1,639,4000,350,400,450,420,1,1
"842","842","081121_0739","full",5,2,639,500,400,500,300,600,2,2
"843","843","081121_0739","full",5,3,639,1000,1000,1200,800,600,1,4
"844","844","081121_0739","full",5,4,639,1000,1200,1400,1300,1200,6,6
"845","845","081121_0739","full",5,5,639,600,1000,450,660,1200,2,2
"846","846","081121_0739","full",5,6,639,120,150,150,170,160,3,4
"847","847","081121_0739","full",5,7,639,150,150,150,150,150,3,3
"848","848","081121_0739","full",5,8,639,320,450,480,373,410,2,2
"849","849","081121_0739","full",5,9,639,250,450,950,390,420,3,2
"850","850","081121_0739","full",5,10,639,250,231,174,153,97,3,3
"851","851","081121_0739","full",5,11,639,120,150,100,300,500,1,1
"852","852","081121_0739","full",5,12,639,100,130,138,150,167,2,1
"853","853","081121_0739","no",6,1,9272,3e+05,1000,820,790,890,1,1
"854","854","081121_0739","no",6,2,9272,250,300,400,350,300,2,2
"855","855","081121_0739","no",6,3,9272,1500,10000,12000,12000,15000,1,2
"856","856","081121_0739","no",6,4,9272,300,250,200,230,200,2,2
"857","857","081121_0739","no",6,5,9272,7000,14000,21000,3000,4800,1,1
"858","858","081121_0739","no",6,6,9272,20000,17000,15000,9000,9000,2,3
"859","859","081121_0739","no",6,7,9272,1e+05,1e+05,80000,50000,50000,1,1
"860","860","081121_0739","no",6,8,9272,570,500,530,450,650,2,1
"861","861","081121_0739","no",6,9,9272,2500000,1e+06,4200000,5e+05,1e+06,3,3
"862","862","081121_0739","no",6,10,9272,7e+05,2e+05,499999,299999,192347,2,2
"863","863","081121_0739","no",6,11,9272,500,1000,1300,600,1100,1,2
"864","864","081121_0739","no",6,12,9272,250000,3000,4500,6500,8000,1,1
