qtype,question,qcode,group,ID,Nametag,Correct,E1,Diff,C1,GC1,E2,C2,Mostaccurate,AEE1i,AEE2i,Ii,Prediction,Instruct
dates,Cambridge,25,193,42427,2,1209,1350,6,2,6,1698,4,4,141,489,0,7,0
dates,Cambridge,25,193,51252,1,1209,1700,7,1,5,1714,3,4,491,505,0,5,0
dates,Cambridge,25,193,49997,5,1209,1780,3,5,6,1550,3,3,571,341,1,4,0
dates,Cambridge,25,193,46507,4,1209,1750,7,1,2,1700,3,2,541,491,1,5,0
dates,Cambridge,25,193,46896,3,1209,1862,6,2,4,1732,3,5,653,523,1,5,0
dates,Cambridge,25,194,52082,3,1209,1740,5,1,6,1520,2,1,531,311,1,4,0
dates,Cambridge,25,194,52036,4,1209,1825,5,2,5,1560,4,3,616,351,1,7,0
dates,Cambridge,25,194,48823,2,1209,1800,7,1,4,1520,5,1,591,311,1,5,0
dates,Cambridge,25,194,51751,1,1209,1250,7,2,2,1450,3,5,41,241,0,5,0
dates,Cambridge,25,195,50754,5,1209,1747,1,7,4,1520,4,3,538,311,1,5,0
dates,Cambridge,25,195,45580,2,1209,1564,6,4,5,1624,4,4,355,415,0,4,0
dates,Cambridge,25,195,16387,3,1209,1925,4,3,7,1675,5,2,716,466,1,6,0
dates,Cambridge,25,195,44272,4,1209,1750,6,2,5,1740,3,2,541,531,1,4,0
dates,Cambridge,25,196,28908,1,1209,1748,4,2,3,1748,2,3,539,539,0,4,0
dates,Cambridge,25,196,50022,4,1209,1600,7,1,4,1400,1,3,391,191,1,5,0
dates,Cambridge,25,196,42924,3,1209,1246,6,4,5,1250,5,4,37,41,0,4,0
dates,Cambridge,25,196,50445,2,1209,1786,3,5,6,1576,1,3,577,367,1,5,0
dates,Cambridge,25,197,51086,3,1209,1200,5,2,2,1300,2,3,9,91,0,5,0
dates,Cambridge,25,197,43570,4,1209,1750,5,1,7,1600,1,3,541,391,1,5,0
dates,Cambridge,25,197,43306,2,1209,1840,5,4,5,1450,3,4,631,241,1,5,0
dates,Cambridge,25,197,38616,1,1209,1825,7,1,7,1750,1,2,616,541,1,7,0
dates,Cambridge,25,198,46058,2,1209,1850,7,1,6,1450,1,3,641,241,1,5,0
dates,Cambridge,25,198,44589,5,1209,1789,4,5,3,1420,1,3,580,211,1,6,0
dates,Cambridge,25,198,42125,3,1209,1450,6,4,6,1450,3,3,241,241,0,4,0
dates,Cambridge,25,198,47665,4,1209,1800,6,2,6,1450,4,3,591,241,1,5,0
dates,Cambridge,25,199,45657,5,1209,1920,6,2,5,1770,5,2,711,561,1,6,0
dates,Cambridge,25,199,48752,2,1209,1610,7,5,3,1720,5,3,401,511,0,5,0
dates,Cambridge,25,199,51009,4,1209,1720,6,3,4,1740,4,2,511,531,0,5,0
dates,Cambridge,25,199,44311,3,1209,1735,4,2,2,1770,2,4,526,561,0,1,0
dates,Cambridge,25,200,593,4,1209,1300,5,5,5,1300,5,4,91,91,0,4,0
dates,Cambridge,25,200,46561,1,1209,1700,6,3,6,1312,5,4,491,103,1,6,0
dates,Cambridge,25,200,741,2,1209,1740,5,2,5,1312,5,4,531,103,1,7,0
dates,Cambridge,25,200,46170,3,1209,1785,5,2,5,1306,5,4,576,97,1,7,0
dates,Cambridge,25,201,43061,2,1209,1860,4,5,6,1550,5,1,651,341,1,6,0
dates,Cambridge,25,201,16362,4,1209,1905,6,1,7,1605,5,1,696,396,1,5,0
dates,Cambridge,25,201,47078,3,1209,1654,5,2,5,1560,5,1,445,351,1,5,0
dates,Cambridge,25,201,43512,5,1209,1400,5,5,2,1550,4,2,191,341,0,5,0
dates,Cambridge,25,201,49523,1,1209,1375,5,2,5,1550,3,4,166,341,0,5,0
dates,Cambridge,25,202,45590,3,1209,1520,6,2,5,1600,2,4,311,391,0,5,0
dates,Cambridge,25,202,45307,2,1209,1650,5,2,5,1670,2,1,441,461,0,4,0
dates,Cambridge,25,202,43186,1,1209,1671,6,1,3,1670,2,4,462,461,1,5,0
dates,Cambridge,25,202,51763,4,1209,1718,7,1,6,1673,2,1,509,464,1,5,0
dates,Cambridge,25,203,50401,1,1209,1740,1,7,7,1730,7,3,531,521,1,1,0
dates,Cambridge,25,203,45750,4,1209,1840,5,5,6,1820,4,3,631,611,1,4,0
dates,Cambridge,25,203,48769,3,1209,1250,6,3,5,1540,3,3,41,331,0,4,0
dates,Cambridge,25,203,51483,2,1209,1830,5,3,6,1730,2,3,621,521,1,5,0
dates,Cambridge,25,204,43817,1,1209,1650,6,3,6,1650,6,3,441,441,0,5,0
dates,Cambridge,25,204,46192,2,1209,1784,5,2,5,1726,6,3,575,517,1,5,0
dates,Cambridge,25,204,25902,4,1209,1746,4,4,7,1725,2,3,537,516,1,4,0
dates,Cambridge,25,204,46325,3,1209,1725,5,2,5,1680,3,1,516,471,1,2,0
dates,Cambridge,25,205,51996,4,1209,1790,5,3,6,1740,2,3,581,531,1,5,0
dates,Cambridge,25,205,51981,3,1209,1767,3,5,6,1723,1,1,558,514,1,1,0
dates,Cambridge,25,205,51003,2,1209,1773,4,2,6,1600,1,1,564,391,1,5,0
dates,Cambridge,25,205,51379,1,1209,1800,5,2,5,1750,2,4,591,541,1,4,0
dates,Cambridge,25,205,43541,5,1209,1715,5,4,6,1500,2,2,506,291,1,5,0
dates,Cambridge,25,206,48717,1,1209,1900,6,2,6,1625,2,2,691,416,1,6,0
dates,Cambridge,25,206,49755,2,1209,1230,7,1,5,1470,2,3,21,261,0,5,0
dates,Cambridge,25,206,48878,4,1209,1800,7,2,4,1435,1,2,591,226,1,4,0
dates,Cambridge,25,206,44122,3,1209,1780,7,2,7,1500,3,4,571,291,1,6,0
dates,Cambridge,25,207,48725,2,1209,1714,5,5,6,1444,6,4,505,235,1,6,0
dates,Cambridge,25,207,51575,1,1209,1823,7,1,5,1436,2,4,614,227,1,6,0
dates,Cambridge,25,207,51630,4,1209,1430,5,5,4,1450,6,1,221,241,0,5,0
dates,Cambridge,25,207,51462,3,1209,1785,5,4,6,1450,5,4,576,241,1,3,0
dates,Cambridge,25,208,49960,2,1209,1890,5,3,6,1205,6,1,681,4,1,7,0
dates,Cambridge,25,208,51211,4,1209,1791,5,3,4,1200,5,1,582,9,1,6,0
dates,Cambridge,25,208,43112,3,1209,1784,5,3,5,1205,5,1,575,4,1,7,0
dates,Cambridge,25,208,49272,1,1209,1205,5,2,5,1205,3,4,4,4,0,4,0
dates,Cambridge,25,209,50933,2,1209,1792,5,5,6,1250,2,1,583,41,1,7,0
dates,Cambridge,25,209,47322,1,1209,1200,3,5,5,1205,5,6,9,4,1,6,0
dates,Cambridge,25,209,41302,5,1209,1205,7,2,4,1205,2,1,4,4,0,2,0
dates,Cambridge,25,209,46738,3,1209,1798,5,4,5,1200,5,1,589,9,1,7,0
dates,Cambridge,25,209,52043,4,1209,1690,5,1,7,1205,5,5,481,4,1,1,0
dates,Cambridge,25,210,44014,1,1209,1650,4,4,5,1530,4,2,441,321,1,5,0
dates,Cambridge,25,210,44545,2,1209,1350,5,2,5,1430,5,1,141,221,0,4,0
dates,Cambridge,25,210,46615,3,1209,1817,1,2,6,1238,4,2,608,29,1,5,0
dates,Cambridge,25,210,51184,4,1209,1860,7,1,7,1635,1,1,651,426,1,5,0
dates,Cambridge,25,211,47749,4,1209,1410,5,4,6,1550,4,1,201,341,0,5,0
dates,Cambridge,25,211,51239,3,1209,1912,7,1,2,1650,5,2,703,441,1,5,0
dates,Cambridge,25,211,49909,2,1209,1600,5,5,4,1650,5,3,391,441,0,5,0
dates,Cambridge,25,211,46496,1,1209,1789,3,4,6,1650,5,2,580,441,1,6,0
dates,Cambridge,25,212,48061,2,1209,1700,5,2,5,1450,5,3,491,241,1,5,0
dates,Cambridge,25,212,46351,3,1209,1400,4,4,4,1450,5,4,191,241,0,5,0
dates,Cambridge,25,212,46165,4,1209,1300,3,2,4,1450,3,3,91,241,0,3,0
dates,Cambridge,25,212,43255,5,1209,1815,4,2,7,1650,3,2,606,441,1,7,0
dates,Cambridge,25,213,52129,5,1209,1024,7,1,5,1164,1,3,185,45,1,4,0
dates,Cambridge,25,213,51553,3,1209,1743,4,4,7,1580,4,2,534,371,1,7,0
dates,Cambridge,25,213,50768,1,1209,1670,5,3,4,1580,3,4,461,371,1,5,0
dates,Cambridge,25,213,51580,4,1209,1760,5,3,6,1583,5,5,551,374,1,6,0
dates,Cambridge,25,213,51369,2,1209,1500,5,2,7,1575,5,5,291,366,0,5,0
dates,Cambridge,25,214,49767,2,1209,1779,4,3,5,1712,1,4,570,503,1,5,0
dates,Cambridge,25,214,51543,3,1209,1862,5,3,7,1650,5,4,653,441,1,6,0
dates,Cambridge,25,214,46444,4,1209,1680,6,2,2,1680,2,4,471,471,0,4,0
dates,Cambridge,25,214,51551,1,1209,1765,4,4,5,1670,2,5,556,461,1,2,0
dates,Cambridge,25,214,46586,5,1209,1760,5,3,6,1680,2,4,551,471,1,6,0
dates,Cambridge,25,215,39718,5,1209,1789,4,6,6,1573,4,4,580,364,1,5,0
dates,Cambridge,25,215,43244,2,1209,1500,4,2,4,1500,4,1,291,291,0,4,0
dates,Cambridge,25,215,51504,1,1209,1500,6,1,5,1523,2,2,291,314,0,5,0
dates,Cambridge,25,215,48903,4,1209,1801,5,3,4,1605,1,2,592,396,1,7,0
dates,Cambridge,25,215,38058,3,1209,1500,5,2,6,1620,4,4,291,411,0,5,0
dates,Cambridge,25,216,45352,1,1209,1460,4,2,5,1311,3,2,251,102,1,5,0
dates,Cambridge,25,216,47540,2,1209,1290,6,3,4,1311,5,1,81,102,0,4,0
dates,Cambridge,25,216,48931,3,1209,1641,5,3,6,1350,5,2,432,141,1,6,0
dates,Cambridge,25,216,47505,4,1209,1850,6,1,6,1330,4,2,641,121,1,5,0
dates,Cambridge,25,217,49803,4,1209,1864,6,2,2,1100,5,2,655,109,1,6,1
dates,Cambridge,25,217,30607,2,1209,1080,5,3,2,1163,5,4,129,46,1,3,1
dates,Cambridge,25,217,27235,1,1209,1752,3,5,7,1100,4,2,543,109,1,1,1
dates,Cambridge,25,217,50594,3,1209,1755,3,6,2,1725,5,2,546,516,1,3,1
dates,Cambridge,25,218,42918,2,1209,1500,5,4,6,1500,4,4,291,291,0,4,1
dates,Cambridge,25,218,45143,4,1209,1650,5,5,2,1640,5,2,441,431,1,5,1
dates,Cambridge,25,218,15312,3,1209,1840,5,5,6,1740,6,4,631,531,1,6,1
dates,Cambridge,25,219,46007,2,1209,1200,6,3,3,1200,2,3,9,9,0,4,1
dates,Cambridge,25,219,20330,1,1209,1640,5,3,6,1640,3,3,431,431,0,2,1
dates,Cambridge,25,219,1164,3,1209,1500,5,2,2,1550,4,1,291,341,0,5,1
dates,Cambridge,25,220,29534,2,1209,1755,2,6,6,1810,6,1,546,601,0,4,1
dates,Cambridge,25,220,48970,5,1209,1800,5,2,4,1770,4,1,591,561,1,5,1
dates,Cambridge,25,220,47591,1,1209,1770,5,3,5,1767,5,2,561,558,1,5,1
dates,Cambridge,25,221,48497,5,1209,1850,7,1,7,1400,1,2,641,191,1,5,1
dates,Cambridge,25,221,52053,1,1209,1800,6,2,4,1600,4,2,591,391,1,5,1
dates,Cambridge,25,221,30175,2,1209,1614,5,7,5,1528,6,5,405,319,1,6,1
dates,Cambridge,25,221,46451,3,1209,1750,5,2,5,1595,3,2,541,386,1,6,1
dates,Cambridge,25,221,45875,4,1209,1800,5,2,5,1600,5,2,591,391,1,5,1
dates,Cambridge,25,222,45619,4,1209,1750,6,2,6,1265,3,2,541,56,1,6,1
dates,Cambridge,25,222,49323,2,1209,1100,6,2,6,1200,5,5,109,9,1,5,1
dates,Cambridge,25,222,48432,1,1209,1700,6,3,6,1280,5,2,491,71,1,6,1
dates,Cambridge,25,222,50419,3,1209,1700,6,1,5,1215,5,2,491,6,1,5,1
dates,Cambridge,25,222,46051,5,1209,1700,7,1,7,1250,5,2,491,41,1,7,1
dates,Cambridge,25,223,44379,5,1209,1780,5,3,5,1784,5,3,571,575,0,5,1
dates,Cambridge,25,223,39838,4,1209,1885,5,4,6,1783,7,3,676,574,1,7,1
dates,Cambridge,25,223,47414,3,1209,1784,3,5,6,1784,6,5,575,575,0,4,1
dates,Cambridge,25,223,45237,2,1209,1740,5,3,5,1450,1,3,531,241,1,1,1
dates,Cambridge,25,223,47551,1,1209,1500,5,2,4,1784,5,3,291,575,0,5,1
dates,Cambridge,25,224,45178,1,1209,1600,5,2,6,1400,4,5,391,191,1,5,1
dates,Cambridge,25,224,45953,4,1209,1867,6,2,5,1505,2,5,658,296,1,5,1
dates,Cambridge,25,224,20036,3,1209,1750,1,6,6,1640,6,3,541,431,1,4,1
dates,Cambridge,25,224,48364,5,1209,1350,4,5,3,1400,4,5,141,191,0,4,1
dates,Cambridge,25,224,45766,2,1209,1790,6,3,6,1690,5,5,581,481,1,5,1
dates,Cambridge,25,225,29147,2,1209,1500,6,5,5,1550,6,5,291,341,0,6,1
dates,Cambridge,25,225,50367,1,1209,1922,5,3,6,1748,7,4,713,539,1,5,1
dates,Cambridge,25,225,43453,4,1209,1744,3,5,6,1450,1,5,535,241,1,7,1
dates,Cambridge,25,225,36019,3,1209,1788,6,1,3,1568,2,5,579,359,1,5,1
dates,Cambridge,25,226,44351,5,1209,1550,6,2,5,1600,3,2,341,391,0,5,1
dates,Cambridge,25,226,40244,2,1209,1250,6,2,3,1435,3,4,41,226,0,5,1
dates,Cambridge,25,226,40674,4,1209,1600,5,2,2,1512,1,1,391,303,1,5,1
dates,Cambridge,25,226,52080,3,1209,1200,6,2,5,1492,2,4,9,283,0,5,1
dates,Cambridge,25,227,48580,5,1209,1821,5,5,5,1250,5,3,612,41,1,6,1
dates,Cambridge,25,227,48739,2,1209,1402,7,1,5,1500,4,4,193,291,0,5,1
dates,Cambridge,25,227,51122,3,1209,1796,4,5,6,1500,5,4,587,291,1,7,1
dates,Cambridge,25,227,46988,4,1209,1500,5,4,4,1500,4,2,291,291,0,4,1
dates,Cambridge,25,228,46260,4,1209,1740,6,2,5,1750,1,1,531,541,0,5,1
dates,Cambridge,25,228,49129,1,1209,1670,5,5,3,1670,6,4,461,461,0,4,1
dates,Cambridge,25,228,51670,2,1209,1892,7,1,4,1792,2,1,683,583,1,4,1
dates,Cambridge,25,228,40934,3,1209,1400,7,1,2,1750,2,1,191,541,0,6,1
dates,Cambridge,25,228,23107,5,1209,1875,6,5,5,1726,5,1,666,517,1,6,1
dates,Cambridge,25,229,47083,2,1209,1823,7,1,7,1790,1,4,614,581,1,5,1
dates,Cambridge,25,229,52007,1,1209,1900,5,1,6,1792,4,2,691,583,1,5,1
dates,Cambridge,25,229,43460,4,1209,1825,6,3,4,1790,4,2,616,581,1,5,1
dates,Cambridge,25,230,48776,1,1209,1820,7,1,7,1680,2,3,611,471,1,7,1
dates,Cambridge,25,230,46339,2,1209,1400,7,1,3,1680,1,2,191,471,0,1,1
dates,Cambridge,25,230,48770,4,1209,1760,5,2,7,1680,2,3,551,471,1,5,1
dates,Cambridge,25,230,49439,3,1209,1750,4,2,2,1681,2,2,541,472,1,5,1
dates,Cambridge,25,231,47616,1,1209,1765,5,2,6,1665,4,3,556,456,1,4,1
dates,Cambridge,25,231,48519,4,1209,1550,5,2,5,1650,2,3,341,441,0,5,1
dates,Cambridge,25,231,49256,3,1209,1770,5,2,6,1650,5,4,561,441,1,5,1
dates,Cambridge,25,231,45868,2,1209,1873,7,1,1,1653,1,3,664,444,1,5,1
dates,Cambridge,25,232,52047,1,1209,1791,5,2,3,1690,3,3,582,481,1,5,1
dates,Cambridge,25,232,46352,3,1209,1045,6,1,6,1645,2,2,164,436,0,5,1
dates,Cambridge,25,232,50499,4,1209,1500,4,4,4,1100,4,3,291,109,1,5,1
dates,Cambridge,25,232,52112,2,1209,1790,7,1,7,1698,2,3,581,489,1,5,1
dates,Cambridge,25,233,46617,1,1209,1500,7,1,5,1645,5,3,291,436,0,6,1
dates,Cambridge,25,233,43327,1,1209,1500,6,2,5,1535,2,3,291,326,0,5,1
dates,Cambridge,25,233,49508,2,1209,1750,6,2,6,1550,4,1,541,341,1,6,1
dates,Cambridge,25,233,52044,4,1209,1600,7,2,7,1650,5,1,391,441,0,5,1
dates,Cambridge,25,233,48891,3,1209,1875,5,2,5,1550,3,1,666,341,1,5,1
dates,Cambridge,25,234,46776,4,1209,1650,6,2,2,1650,2,3,441,441,0,4,1
dates,Cambridge,25,234,43264,2,1209,1600,7,3,2,1650,4,4,391,441,0,5,1
dates,Cambridge,25,234,37532,3,1209,1682,5,2,4,1650,5,4,473,441,1,5,1
dates,Cambridge,25,235,45262,2,1209,1774,3,5,6,1436,2,3,565,227,1,7,1
dates,Cambridge,25,235,50455,1,1209,1234,7,4,5,1467,5,3,25,258,0,6,1
dates,Cambridge,25,235,47494,4,1209,1600,5,1,5,1580,2,3,391,371,1,5,1
dates,Cambridge,25,235,49031,3,1209,1500,5,2,3,1500,2,4,291,291,0,4,1
dates,Cambridge,25,236,50831,3,1209,1690,5,3,5,1490,5,4,481,281,1,6,1
dates,Cambridge,25,236,47421,4,1209,1450,6,3,5,1482,5,3,241,273,0,5,1
dates,Cambridge,25,236,51856,1,1209,1803,7,2,6,1512,5,2,594,303,1,5,1
dates,Cambridge,25,236,31758,2,1209,1625,6,2,7,1580,2,3,416,371,1,5,1
dates,Cambridge,25,237,47860,1,1209,1318,6,5,6,1380,6,4,109,171,0,6,1
dates,Cambridge,25,237,51341,3,1209,1456,7,1,5,1380,6,4,247,171,1,2,1
dates,Cambridge,25,237,51544,4,1209,1400,6,3,3,1380,5,1,191,171,1,5,1
dates,Cambridge,25,237,50474,2,1209,1605,6,3,5,1380,3,3,396,171,1,5,1
dates,Cambridge,25,237,45701,5,1209,1750,6,2,6,1380,5,4,541,171,1,6,1
dates,Cambridge,25,238,47668,4,1209,1700,4,1,4,1450,4,2,491,241,1,6,1
dates,Cambridge,25,238,51087,1,1209,1620,6,2,5,1415,2,2,411,206,1,5,1
dates,Cambridge,25,238,43535,2,1209,1585,7,1,5,1450,1,3,376,241,1,3,1
dates,Cambridge,25,238,49110,5,1209,1456,5,3,5,1450,5,3,247,241,1,5,1
dates,Cambridge,25,238,44578,3,1209,1200,5,4,5,1420,5,2,9,211,0,6,1
dates,Cambridge,25,239,48059,3,1209,1877,7,1,6,1715,2,4,668,506,1,1,1
dates,Cambridge,25,239,49657,2,1209,1236,6,2,3,1536,5,1,27,327,0,6,1
dates,Cambridge,25,239,49504,4,1209,1804,5,3,2,1600,2,2,595,391,1,6,1
dates,Cambridge,25,239,43053,1,1209,1616,6,3,5,1558,3,4,407,349,1,4,1
dates,Cambridge,25,240,47884,4,1209,1781,5,5,3,1740,6,3,572,531,1,4,1
dates,Cambridge,25,240,48984,1,1209,1758,4,3,4,1765,4,4,549,556,0,4,1
dates,Cambridge,25,240,51707,3,1209,1810,7,1,2,1655,6,1,601,446,1,6,1
dates,Cambridge,25,240,49829,2,1209,1100,6,2,3,1700,2,4,109,491,0,6,1
dates,Lisbon,26,193,42427,2,1755,1560,6,1,7,1615,2,1,195,140,1,4,0
dates,Lisbon,26,193,51252,1,1755,1400,6,3,5,1632,4,1,355,123,1,4,0
dates,Lisbon,26,193,49997,5,1755,1300,5,2,5,1600,4,1,455,155,1,6,0
dates,Lisbon,26,193,46507,4,1755,1920,7,1,1,1600,3,1,165,155,1,5,0
dates,Lisbon,26,193,46896,3,1755,1826,7,1,3,1720,1,1,71,35,1,4,0
dates,Lisbon,26,194,52082,3,1755,1450,7,1,3,1972,1,2,305,217,1,4,0
dates,Lisbon,26,194,52036,4,1755,1345,7,1,2,1950,2,2,410,195,1,5,0
dates,Lisbon,26,194,48823,2,1755,1980,7,1,7,1975,5,1,225,220,1,4,0
dates,Lisbon,26,194,51751,1,1755,1200,7,1,2,1885,1,2,555,130,1,6,0
dates,Lisbon,26,195,50754,5,1755,1942,7,1,5,1960,4,2,187,205,0,4,0
dates,Lisbon,26,195,45580,2,1755,1851,6,2,5,1860,4,4,96,105,0,4,0
dates,Lisbon,26,195,16387,3,1755,1710,6,1,7,1725,6,2,45,30,1,5,0
dates,Lisbon,26,195,44272,4,1755,1900,7,1,5,1880,1,2,145,125,1,4,0
dates,Lisbon,26,196,28908,1,1755,1900,4,2,2,1900,2,3,145,145,0,4,0
dates,Lisbon,26,196,50022,4,1755,1600,7,1,4,1784,1,3,155,29,1,4,0
dates,Lisbon,26,196,42924,3,1755,1800,7,1,2,1900,2,4,45,145,0,3,0
dates,Lisbon,26,196,50445,2,1755,1100,6,1,5,1752,3,3,655,3,1,5,0
dates,Lisbon,26,197,51086,3,1755,1930,7,1,1,1900,1,3,175,145,1,3,0
dates,Lisbon,26,197,43570,4,1755,1400,7,1,5,1800,1,1,355,45,1,5,0
dates,Lisbon,26,197,43306,2,1755,1652,7,1,3,1900,1,1,103,145,0,5,0
dates,Lisbon,26,197,38616,1,1755,1900,7,1,7,1900,1,2,145,145,0,4,0
dates,Lisbon,26,198,46058,2,1755,1800,7,1,2,1750,5,3,45,5,1,5,0
dates,Lisbon,26,198,44589,5,1755,1800,7,1,2,1750,5,3,45,5,1,6,0
dates,Lisbon,26,198,42125,3,1755,1750,3,5,5,1750,4,3,5,5,0,4,0
dates,Lisbon,26,198,47665,4,1755,1200,7,1,6,1750,5,3,555,5,1,6,0
dates,Lisbon,26,199,45657,5,1755,1850,7,1,5,1450,2,3,95,305,0,5,0
dates,Lisbon,26,199,48752,2,1755,1550,7,1,2,1510,6,3,205,245,0,4,0
dates,Lisbon,26,199,51009,4,1755,1960,6,4,4,1550,4,3,205,205,0,5,0
dates,Lisbon,26,199,44311,3,1755,1200,6,2,2,1550,2,2,555,205,1,5,0
dates,Lisbon,26,200,593,4,1755,1700,6,5,4,1750,4,1,55,5,1,4,0
dates,Lisbon,26,200,46561,1,1755,1560,7,2,7,1780,5,4,195,25,1,5,0
dates,Lisbon,26,200,741,2,1755,1500,6,1,7,1780,3,4,255,25,1,7,0
dates,Lisbon,26,200,46170,3,1755,1865,7,1,6,1825,5,4,110,70,1,5,0
dates,Lisbon,26,201,43061,2,1755,1200,6,2,4,1100,1,2,555,655,0,4,0
dates,Lisbon,26,201,16362,4,1755,1500,7,1,7,1415,1,6,255,340,0,4,0
dates,Lisbon,26,201,47078,3,1755,1832,6,2,3,1835,2,4,77,80,0,4,0
dates,Lisbon,26,201,43512,5,1755,1900,7,1,1,1900,1,1,145,145,0,4,0
dates,Lisbon,26,201,49523,1,1755,1957,7,1,3,1963,1,4,202,208,0,4,0
dates,Lisbon,26,202,45590,3,1755,1480,6,1,5,1420,1,2,275,335,0,4,0
dates,Lisbon,26,202,45307,2,1755,1500,7,1,4,1510,2,3,255,245,1,5,0
dates,Lisbon,26,202,43186,1,1755,1200,7,1,6,1496,2,3,555,259,1,7,0
dates,Lisbon,26,202,51763,4,1755,1864,7,1,5,1441,1,1,109,314,0,5,0
dates,Lisbon,26,203,50401,1,1755,1980,7,4,4,1340,7,3,225,415,0,5,0
dates,Lisbon,26,203,45750,4,1755,1400,3,4,5,1440,4,3,355,315,1,5,0
dates,Lisbon,26,203,48769,3,1755,1340,5,4,4,1340,4,3,415,415,0,4,0
dates,Lisbon,26,203,51483,2,1755,1860,6,2,2,1340,3,3,105,415,0,6,0
dates,Lisbon,26,204,43817,1,1755,1950,7,1,6,1600,4,4,195,155,1,5,0
dates,Lisbon,26,204,46192,2,1755,1843,7,1,6,1846,1,4,88,91,0,4,0
dates,Lisbon,26,204,25902,4,1755,1680,6,1,4,1680,1,3,75,75,0,4,0
dates,Lisbon,26,204,46325,3,1755,1575,7,1,2,1575,1,4,180,180,0,4,0
dates,Lisbon,26,205,51996,4,1755,1840,6,1,3,1640,2,3,85,115,0,5,0
dates,Lisbon,26,205,51981,3,1755,1843,6,1,5,1546,5,4,88,209,0,5,0
dates,Lisbon,26,205,51003,2,1755,1200,1,1,4,1500,1,3,555,255,1,4,0
dates,Lisbon,26,205,51379,1,1755,1865,7,1,2,1500,2,3,110,255,0,5,0
dates,Lisbon,26,205,43541,5,1755,1700,7,1,4,1600,1,3,55,155,0,4,0
dates,Lisbon,26,206,48717,1,1755,1250,7,1,5,1510,2,2,505,245,1,6,0
dates,Lisbon,26,206,49755,2,1755,1580,7,1,4,1520,4,1,175,235,0,4,0
dates,Lisbon,26,206,48878,4,1755,1700,7,1,1,1555,1,4,55,200,0,4,0
dates,Lisbon,26,206,44122,3,1755,1400,7,1,5,1400,1,1,355,355,0,4,0
dates,Lisbon,26,207,48725,2,1755,1869,7,1,1,1548,1,3,114,207,0,4,0
dates,Lisbon,26,207,51575,1,1755,1000,7,1,5,1400,1,3,755,355,1,5,0
dates,Lisbon,26,207,51630,4,1755,1650,7,1,5,1650,1,1,105,105,0,4,0
dates,Lisbon,26,207,51462,3,1755,1300,7,1,2,1400,1,1,455,355,1,4,0
dates,Lisbon,26,208,49960,2,1755,1850,6,2,6,1830,4,3,95,75,1,4,0
dates,Lisbon,26,208,51211,4,1755,1854,7,1,5,1876,1,1,99,121,0,4,0
dates,Lisbon,26,208,43112,3,1755,1631,7,1,4,1690,2,1,124,65,1,5,0
dates,Lisbon,26,208,49272,1,1755,1460,7,1,2,1460,1,3,295,295,0,4,0
dates,Lisbon,26,209,50933,2,1755,1450,7,1,4,1600,2,5,305,155,1,4,0
dates,Lisbon,26,209,47322,1,1755,1650,6,2,5,1550,3,5,105,205,0,5,0
dates,Lisbon,26,209,41302,5,1755,1400,7,1,2,1400,1,2,355,355,0,2,0
dates,Lisbon,26,209,46738,3,1755,1600,7,2,4,1550,3,5,155,205,0,5,0
dates,Lisbon,26,209,52043,4,1755,1850,6,1,5,1600,1,1,95,155,0,4,0
dates,Lisbon,26,210,44014,1,1755,1655,1,7,2,1655,7,1,100,100,0,4,0
dates,Lisbon,26,210,44545,2,1755,1700,7,1,5,1655,7,1,55,100,0,7,0
dates,Lisbon,26,210,46615,3,1755,1050,7,1,2,1655,7,1,705,100,1,7,0
dates,Lisbon,26,210,51184,4,1755,1902,7,1,4,1655,5,1,147,100,1,6,0
dates,Lisbon,26,211,47749,4,1755,1340,6,2,5,1520,2,2,415,235,1,6,0
dates,Lisbon,26,211,51239,3,1755,1350,7,2,2,1450,2,5,405,305,1,5,0
dates,Lisbon,26,211,49909,2,1755,1500,6,2,6,1500,2,6,255,255,0,4,0
dates,Lisbon,26,211,46496,1,1755,1823,6,2,5,1823,2,5,68,68,0,5,0
dates,Lisbon,26,212,48061,2,1755,1800,6,1,5,1500,3,3,45,255,0,4,0
dates,Lisbon,26,212,46351,3,1755,1100,7,1,7,1500,1,2,655,255,1,4,0
dates,Lisbon,26,212,46165,4,1755,1600,6,2,1,1500,1,3,155,255,0,4,0
dates,Lisbon,26,212,43255,5,1755,1875,7,1,7,1750,1,2,120,5,1,4,0
dates,Lisbon,26,213,52129,5,1755,1900,7,1,2,1510,1,4,145,245,0,4,0
dates,Lisbon,26,213,51553,3,1755,1500,7,1,4,1550,2,2,255,205,1,4,0
dates,Lisbon,26,213,50768,1,1755,1234,7,1,2,1540,1,2,521,215,1,3,0
dates,Lisbon,26,213,51580,4,1755,1200,7,1,5,1540,1,2,555,215,1,6,0
dates,Lisbon,26,213,51369,2,1755,1475,7,3,6,1520,5,3,280,235,1,4,0
dates,Lisbon,26,214,49767,2,1755,1408,7,1,2,1850,1,5,347,95,1,5,0
dates,Lisbon,26,214,51543,3,1755,1954,7,2,5,1850,5,1,199,95,1,5,0
dates,Lisbon,26,214,46444,4,1755,1850,7,1,1,1850,2,4,95,95,0,4,0
dates,Lisbon,26,214,51551,1,1755,1850,7,1,6,1850,5,3,95,95,0,4,0
dates,Lisbon,26,214,46586,5,1755,1874,7,1,4,1875,2,3,119,120,0,4,0
dates,Lisbon,26,215,39718,5,1755,1726,6,4,6,1859,6,4,29,104,0,6,0
dates,Lisbon,26,215,43244,2,1755,1910,1,1,1,1905,1,4,155,150,1,4,0
dates,Lisbon,26,215,51504,1,1755,1300,7,1,6,1854,1,4,455,99,1,5,0
dates,Lisbon,26,215,48903,4,1755,1805,7,1,1,1805,1,4,50,50,0,4,0
dates,Lisbon,26,215,38058,3,1755,1820,6,2,6,1820,4,3,65,65,0,4,0
dates,Lisbon,26,216,45352,1,1755,1890,5,5,3,1890,3,3,135,135,0,4,0
dates,Lisbon,26,216,47540,2,1755,1690,5,2,6,1890,2,1,65,135,0,6,0
dates,Lisbon,26,216,48931,3,1755,1825,6,1,5,1890,2,1,70,135,0,4,0
dates,Lisbon,26,216,47505,4,1755,1990,7,1,5,1890,3,1,235,135,1,5,0
dates,Lisbon,26,217,49803,4,1755,1000,7,1,6,1300,2,2,755,455,1,5,1
dates,Lisbon,26,217,30607,2,1755,826,7,1,6,1478,1,3,929,277,1,4,1
dates,Lisbon,26,217,27235,1,1755,1400,7,1,7,1030,4,3,355,725,0,1,1
dates,Lisbon,26,217,50594,3,1755,1200,5,3,6,1400,5,4,555,355,1,3,1
dates,Lisbon,26,218,42918,2,1755,1800,4,4,5,1800,4,3,45,45,0,4,1
dates,Lisbon,26,218,45143,4,1755,1750,7,1,6,1798,5,2,5,43,0,6,1
dates,Lisbon,26,218,15312,3,1755,1795,6,3,6,1795,4,2,40,40,0,5,1
dates,Lisbon,26,219,46007,2,1755,1500,7,1,1,1500,1,1,255,255,0,4,1
dates,Lisbon,26,219,20330,1,1755,1300,6,2,2,1500,2,2,455,255,1,2,1
dates,Lisbon,26,219,1164,3,1755,1600,6,2,2,1650,2,4,155,105,1,4,1
dates,Lisbon,26,220,29534,2,1755,1935,3,5,6,1905,5,5,180,150,1,6,1
dates,Lisbon,26,220,48970,5,1755,1766,6,2,4,1766,2,1,11,11,0,4,1
dates,Lisbon,26,220,47591,1,1755,1660,7,1,5,1710,1,5,95,45,1,5,1
dates,Lisbon,26,221,48497,5,1755,1600,7,1,7,1800,1,1,155,45,1,4,1
dates,Lisbon,26,221,52053,1,1755,1800,7,1,4,1700,2,5,45,55,0,4,1
dates,Lisbon,26,221,30175,2,1755,1892,7,1,6,1890,5,3,137,135,1,4,1
dates,Lisbon,26,221,46451,3,1755,1870,7,1,2,1895,2,2,115,140,0,4,1
dates,Lisbon,26,221,45875,4,1755,1950,6,2,5,1800,2,3,195,45,1,5,1
dates,Lisbon,26,222,45619,4,1755,1400,7,1,2,1450,2,3,355,305,1,4,1
dates,Lisbon,26,222,49323,2,1755,1500,7,1,7,1600,2,3,255,155,1,5,1
dates,Lisbon,26,222,48432,1,1755,1850,6,2,6,1590,3,5,95,165,0,5,1
dates,Lisbon,26,222,50419,3,1755,1800,6,1,5,1650,3,1,45,105,0,4,1
dates,Lisbon,26,222,46051,5,1755,1600,7,1,7,1600,3,3,155,155,0,4,1
dates,Lisbon,26,223,44379,5,1755,1312,7,1,3,1518,2,4,443,237,1,5,1
dates,Lisbon,26,223,39838,4,1755,1905,7,1,6,1810,2,6,150,55,1,4,1
dates,Lisbon,26,223,47414,3,1755,1650,6,1,6,1650,2,1,105,105,0,4,1
dates,Lisbon,26,223,45237,2,1755,1250,7,1,2,1832,1,1,505,77,1,4,1
dates,Lisbon,26,223,47551,1,1755,1800,6,1,7,1800,1,4,45,45,0,4,1
dates,Lisbon,26,224,45178,1,1755,1900,7,1,2,1880,2,2,145,125,1,5,1
dates,Lisbon,26,224,45953,4,1755,1650,7,1,5,1505,1,2,105,250,0,4,1
dates,Lisbon,26,224,20036,3,1755,1102,6,4,6,1102,6,3,653,653,0,4,1
dates,Lisbon,26,224,48364,5,1755,1800,4,5,3,1800,4,5,45,45,0,4,1
dates,Lisbon,26,224,45766,2,1755,1845,7,1,3,1850,4,2,90,95,0,4,1
dates,Lisbon,26,225,29147,2,1755,1700,7,4,6,1700,7,2,55,55,0,7,1
dates,Lisbon,26,225,50367,1,1755,1889,7,1,7,1794,7,3,134,39,1,7,1
dates,Lisbon,26,225,43453,4,1755,1500,6,1,5,1750,2,5,255,5,1,6,1
dates,Lisbon,26,225,36019,3,1755,1400,7,1,2,1700,1,5,355,55,1,5,1
dates,Lisbon,26,226,44351,5,1755,1700,5,2,5,1730,3,4,55,25,1,5,1
dates,Lisbon,26,226,40244,2,1755,1300,7,1,2,1300,1,4,455,455,0,4,1
dates,Lisbon,26,226,40674,4,1755,1100,7,1,1,1200,2,2,655,555,1,3,1
dates,Lisbon,26,226,52080,3,1755,1513,7,1,5,1333,1,2,242,422,0,5,1
dates,Lisbon,26,227,48580,5,1755,1660,6,1,5,1994,2,4,95,239,0,5,1
dates,Lisbon,26,227,48739,2,1755,1700,7,1,5,1750,1,3,55,5,1,4,1
dates,Lisbon,26,227,51122,3,1755,1800,7,1,6,1750,5,4,45,5,1,4,1
dates,Lisbon,26,227,46988,4,1755,1924,7,1,3,1750,5,3,169,5,1,5,1
dates,Lisbon,26,228,46260,4,1755,1773,7,1,3,1925,1,5,18,170,0,5,1
dates,Lisbon,26,228,49129,1,1755,1780,5,3,2,1800,4,5,25,45,0,5,1
dates,Lisbon,26,228,51670,2,1755,1952,7,1,4,1952,2,6,197,197,0,4,1
dates,Lisbon,26,228,40934,3,1755,1340,7,1,3,1950,2,5,415,195,1,5,1
dates,Lisbon,26,228,23107,5,1755,1925,7,3,5,1912,5,2,170,157,1,5,1
dates,Lisbon,26,229,47083,2,1755,1650,7,1,7,1755,7,4,105,0,1,7,1
dates,Lisbon,26,229,52007,1,1755,1500,7,1,6,1755,7,4,255,0,1,7,1
dates,Lisbon,26,229,43460,4,1755,1755,2,6,4,1755,6,4,0,0,0,4,1
dates,Lisbon,26,230,48776,1,1755,1880,7,1,4,1900,4,4,125,145,0,5,1
dates,Lisbon,26,230,46339,2,1755,1000,7,1,1,1900,1,1,755,145,1,3,1
dates,Lisbon,26,230,48770,4,1755,1950,6,1,7,1900,3,3,195,145,1,5,1
dates,Lisbon,26,230,49439,3,1755,1900,4,1,2,1900,2,4,145,145,0,4,1
dates,Lisbon,26,231,47616,1,1755,1550,5,1,4,1565,2,2,205,190,1,4,1
dates,Lisbon,26,231,48519,4,1755,1800,6,1,2,1600,1,2,45,155,0,4,1
dates,Lisbon,26,231,49256,3,1755,1920,6,1,5,1400,2,2,165,355,0,2,1
dates,Lisbon,26,231,45868,2,1755,1456,7,1,1,1456,1,1,299,299,0,4,1
dates,Lisbon,26,232,52047,1,1755,1430,6,2,4,1430,2,4,325,325,0,4,1
dates,Lisbon,26,232,46352,3,1755,1024,7,2,5,1200,2,4,731,555,1,4,1
dates,Lisbon,26,232,50499,4,1755,1200,4,4,4,1200,4,4,555,555,0,4,1
dates,Lisbon,26,232,52112,2,1755,1856,7,1,7,1800,1,1,101,45,1,5,1
dates,Lisbon,26,233,46617,1,1755,1804,7,1,5,1804,1,1,49,49,0,4,1
dates,Lisbon,26,233,43327,1,1755,1750,7,1,3,1850,1,2,5,95,0,5,1
dates,Lisbon,26,233,49508,2,1755,1850,6,4,4,1850,6,4,95,95,0,4,1
dates,Lisbon,26,233,52044,4,1755,1850,7,1,7,1850,3,1,95,95,0,4,1
dates,Lisbon,26,233,48891,3,1755,1300,6,2,6,1850,3,1,455,95,1,5,1
dates,Lisbon,26,234,46776,4,1755,1825,7,1,1,1888,2,3,70,133,0,5,1
dates,Lisbon,26,234,43264,2,1755,1250,7,1,2,1900,1,3,505,145,1,4,1
dates,Lisbon,26,234,37532,3,1755,1903,7,1,2,1905,2,4,148,150,0,5,1
dates,Lisbon,26,235,45262,2,1755,1558,7,1,4,1832,2,1,197,77,1,5,1
dates,Lisbon,26,235,50455,1,1755,1800,7,5,6,1850,5,4,45,95,0,5,1
dates,Lisbon,26,235,47494,4,1755,1820,7,1,1,1820,5,2,65,65,0,5,1
dates,Lisbon,26,235,49031,3,1755,1300,7,1,1,1750,2,1,455,5,1,6,1
dates,Lisbon,26,236,50831,3,1755,1500,7,1,3,1500,1,4,255,255,0,4,1
dates,Lisbon,26,236,47421,4,1755,1900,7,1,7,1900,1,3,145,145,0,4,1
dates,Lisbon,26,236,51856,1,1755,1769,7,1,6,1769,2,2,14,14,0,4,1
dates,Lisbon,26,236,31758,2,1755,1700,7,1,7,1700,1,3,55,55,0,4,1
dates,Lisbon,26,237,47860,1,1755,1867,7,1,7,1870,2,5,112,115,0,4,1
dates,Lisbon,26,237,51341,3,1755,1749,7,1,6,1870,4,5,6,115,0,6,1
dates,Lisbon,26,237,51544,4,1755,811,7,1,2,1870,1,5,944,115,1,1,1
dates,Lisbon,26,237,50474,2,1755,1870,7,1,3,1870,1,1,115,115,0,4,1
dates,Lisbon,26,237,45701,5,1755,1800,7,2,6,1870,3,1,45,115,0,5,1
dates,Lisbon,26,238,47668,4,1755,1800,4,1,1,1800,1,4,45,45,0,4,1
dates,Lisbon,26,238,51087,1,1755,1830,7,1,4,1830,1,3,75,75,0,4,1
dates,Lisbon,26,238,43535,2,1755,1900,7,1,5,1850,1,5,145,95,1,5,1
dates,Lisbon,26,238,49110,5,1755,1789,7,1,7,1870,2,3,34,115,0,7,1
dates,Lisbon,26,238,44578,3,1755,1800,7,1,5,1800,1,6,45,45,0,4,1
dates,Lisbon,26,239,48059,3,1755,1888,7,1,7,1850,3,1,133,95,1,5,1
dates,Lisbon,26,239,49657,2,1755,1700,6,2,1,1865,2,1,55,110,0,3,1
dates,Lisbon,26,239,49504,4,1755,1500,6,1,2,1885,3,3,255,130,1,5,1
dates,Lisbon,26,239,43053,1,1755,1850,7,1,2,1870,5,3,95,115,0,5,1
dates,Lisbon,26,240,47884,4,1755,1850,7,1,1,1850,1,1,95,95,0,4,1
dates,Lisbon,26,240,48984,1,1755,1855,7,2,2,1855,2,4,100,100,0,4,1
dates,Lisbon,26,240,51707,3,1755,1890,7,2,1,1880,1,4,135,125,1,4,1
dates,Lisbon,26,240,49829,2,1755,1980,6,2,2,1900,2,3,225,145,1,5,1
dates,Ottoman,27,193,42427,2,1918,1293,5,4,6,1745,3,5,625,173,1,6,0
dates,Ottoman,27,193,51252,1,1918,1400,6,2,6,1886,4,3,518,32,1,5,0
dates,Ottoman,27,193,49997,5,1918,1830,5,5,4,1830,6,2,88,88,0,4,0
dates,Ottoman,27,193,46507,4,1918,1200,6,1,5,1700,5,5,718,218,1,5,0
dates,Ottoman,27,193,46896,3,1918,1629,6,2,6,1792,2,5,289,126,1,4,0
dates,Ottoman,27,194,52082,3,1918,100,7,1,3,1870,1,4,1818,48,1,4,0
dates,Ottoman,27,194,52036,4,1918,1910,4,5,7,1890,5,3,8,28,0,5,0
dates,Ottoman,27,194,48823,2,1918,1700,6,3,6,1542,3,4,218,376,0,2,0
dates,Ottoman,27,194,51751,1,1918,1920,6,3,5,1920,3,3,2,2,0,4,0
dates,Ottoman,27,195,50754,5,1918,1320,7,1,4,1880,6,5,598,38,1,6,0
dates,Ottoman,27,195,45580,2,1918,1148,7,1,4,1154,4,3,770,764,1,4,0
dates,Ottoman,27,195,16387,3,1918,1600,7,1,7,1257,5,2,318,661,0,7,0
dates,Ottoman,27,195,44272,4,1918,1700,6,2,6,1230,2,2,218,688,0,5,0
dates,Ottoman,27,196,28908,1,1918,1260,4,2,2,1260,3,3,658,658,0,4,0
dates,Ottoman,27,196,50022,4,1918,1300,7,1,3,1850,2,3,618,68,1,5,0
dates,Ottoman,27,196,42924,3,1918,1850,6,2,2,1900,4,4,68,18,1,5,0
dates,Ottoman,27,196,50445,2,1918,1300,5,2,4,1400,2,4,618,518,1,4,0
dates,Ottoman,27,197,51086,3,1918,1780,5,2,1,1913,5,3,138,5,1,7,0
dates,Ottoman,27,197,43570,4,1918,1600,7,1,7,1910,3,3,318,8,1,5,0
dates,Ottoman,27,197,43306,2,1918,1250,7,1,4,1910,4,3,668,8,1,6,0
dates,Ottoman,27,197,38616,1,1918,1300,5,2,6,1910,4,3,618,8,1,5,0
dates,Ottoman,27,198,46058,2,1918,1420,6,2,6,1260,3,5,498,658,0,4,0
dates,Ottoman,27,198,44589,5,1918,1100,6,3,5,1260,4,3,818,658,1,5,0
dates,Ottoman,27,198,42125,3,1918,1300,5,3,5,1260,4,1,618,658,0,3,0
dates,Ottoman,27,198,47665,4,1918,1917,5,5,6,1260,5,5,1,658,0,6,0
dates,Ottoman,27,199,45657,5,1918,1910,6,3,7,1915,7,2,8,3,1,6,0
dates,Ottoman,27,199,48752,2,1918,1920,3,5,5,1920,6,5,2,2,0,5,0
dates,Ottoman,27,199,51009,4,1918,1400,5,4,4,1915,5,2,518,3,1,5,0
dates,Ottoman,27,199,44311,3,1918,1420,6,2,5,1915,5,5,498,3,1,6,0
dates,Ottoman,27,200,593,4,1918,1923,5,5,4,1921,5,1,5,3,1,4,0
dates,Ottoman,27,200,46561,1,1918,1540,6,3,6,1921,6,4,378,3,1,7,0
dates,Ottoman,27,200,741,2,1918,1500,6,1,7,1921,5,4,418,3,1,7,0
dates,Ottoman,27,200,46170,3,1918,1100,6,2,6,1921,7,4,818,3,1,7,0
dates,Ottoman,27,201,43061,2,1918,1200,6,2,5,1925,6,3,718,7,1,6,0
dates,Ottoman,27,201,16362,4,1918,1800,7,1,6,1935,3,3,118,17,1,6,0
dates,Ottoman,27,201,47078,3,1918,1970,3,5,4,1935,5,5,52,17,1,5,0
dates,Ottoman,27,201,43512,5,1918,1930,5,5,6,1920,5,3,12,2,1,6,0
dates,Ottoman,27,201,49523,1,1918,850,7,1,5,1932,1,3,1068,14,1,5,0
dates,Ottoman,27,202,45590,3,1918,1700,6,1,6,1922,5,5,218,4,1,6,0
dates,Ottoman,27,202,45307,2,1918,1350,5,2,5,1910,4,3,568,8,1,7,0
dates,Ottoman,27,202,43186,1,1918,1925,4,5,5,1929,4,3,7,11,0,4,0
dates,Ottoman,27,202,51763,4,1918,1684,6,2,6,1929,6,1,234,11,1,6,0
dates,Ottoman,27,203,50401,1,1918,1600,7,1,1,1510,7,4,318,408,0,5,0
dates,Ottoman,27,203,45750,4,1918,1510,6,2,5,1513,4,2,408,405,1,4,0
dates,Ottoman,27,203,48769,3,1918,1650,4,3,4,1612,4,4,268,306,0,5,0
dates,Ottoman,27,203,51483,2,1918,1700,5,2,6,1510,2,4,218,408,0,5,0
dates,Ottoman,27,204,43817,1,1918,1450,5,4,5,1880,5,3,468,38,1,6,0
dates,Ottoman,27,204,46192,2,1918,1246,7,1,5,1923,2,3,672,5,1,5,0
dates,Ottoman,27,204,25902,4,1918,1425,5,1,5,1425,2,3,493,493,0,4,0
dates,Ottoman,27,204,46325,3,1918,1930,6,2,6,1930,2,4,12,12,0,4,0
dates,Ottoman,27,205,51996,4,1918,1919,2,6,4,1919,7,5,1,1,0,4,0
dates,Ottoman,27,205,51981,3,1918,1500,6,3,5,1919,7,4,418,1,1,6,0
dates,Ottoman,27,205,51003,2,1918,1453,7,1,4,1917,5,5,465,1,1,5,0
dates,Ottoman,27,205,51379,1,1918,1225,7,1,5,1919,6,5,693,1,1,7,0
dates,Ottoman,27,205,43541,5,1918,1919,4,5,5,1919,6,4,1,1,0,4,0
dates,Ottoman,27,206,48717,1,1918,1500,6,2,5,1290,2,3,418,628,0,6,0
dates,Ottoman,27,206,49755,2,1918,1230,6,2,5,1260,4,3,688,658,1,4,0
dates,Ottoman,27,206,48878,4,1918,1200,7,1,1,1230,1,3,718,688,1,4,0
dates,Ottoman,27,206,44122,3,1918,1200,7,1,5,1150,1,2,718,768,0,4,0
dates,Ottoman,27,207,48725,2,1918,1935,3,6,6,1914,7,4,17,4,1,6,0
dates,Ottoman,27,207,51575,1,1918,1100,7,1,5,1914,6,2,818,4,1,7,0
dates,Ottoman,27,207,51630,4,1918,1840,6,2,6,1914,7,2,78,4,1,6,0
dates,Ottoman,27,207,51462,3,1918,1500,7,1,5,1914,5,2,418,4,1,7,0
dates,Ottoman,27,208,49960,2,1918,1600,6,3,6,1919,6,1,318,1,1,7,0
dates,Ottoman,27,208,51211,4,1918,1915,5,3,5,1919,6,1,3,1,1,6,0
dates,Ottoman,27,208,43112,3,1918,1406,7,2,4,1919,6,4,512,1,1,7,0
dates,Ottoman,27,208,49272,1,1918,1919,3,5,5,1919,5,3,1,1,0,4,0
dates,Ottoman,27,209,50933,2,1918,1600,7,1,5,1917,5,1,318,1,1,7,0
dates,Ottoman,27,209,47322,1,1918,1917,2,6,4,1917,6,5,1,1,0,4,0
dates,Ottoman,27,209,41302,5,1918,1515,7,1,2,1917,5,1,403,1,1,5,0
dates,Ottoman,27,209,46738,3,1918,1700,4,5,5,1917,7,1,218,1,1,7,0
dates,Ottoman,27,209,52043,4,1918,1300,5,2,7,1917,7,1,618,1,1,7,0
dates,Ottoman,27,210,44014,1,1918,1450,4,2,4,1250,4,2,468,668,0,4,0
dates,Ottoman,27,210,44545,2,1918,1150,6,3,6,1150,3,3,768,768,0,4,0
dates,Ottoman,27,210,46615,3,1918,1250,5,5,6,1250,4,2,668,668,0,4,0
dates,Ottoman,27,210,51184,4,1918,1655,7,1,5,1324,1,2,263,594,0,4,0
dates,Ottoman,27,211,47749,4,1918,1240,5,3,5,1170,5,3,678,748,0,5,0
dates,Ottoman,27,211,51239,3,1918,1200,7,1,5,1200,7,2,718,718,0,4,0
dates,Ottoman,27,211,49909,2,1918,1054,5,4,5,1000,4,3,864,918,0,3,0
dates,Ottoman,27,211,46496,1,1918,1150,5,2,5,1050,5,2,768,868,0,5,0
dates,Ottoman,27,212,48061,2,1918,1300,5,3,6,1914,6,4,618,4,1,7,0
dates,Ottoman,27,212,46351,3,1918,1910,3,5,6,1914,6,4,8,4,1,6,0
dates,Ottoman,27,212,46165,4,1918,1914,2,6,6,1914,7,4,4,4,0,4,0
dates,Ottoman,27,212,43255,5,1918,1249,6,1,6,1222,2,2,669,696,0,4,0
dates,Ottoman,27,213,52129,5,1918,1909,5,2,6,1920,3,4,9,2,1,5,0
dates,Ottoman,27,213,51553,3,1918,1375,6,2,6,1920,5,4,543,2,1,7,0
dates,Ottoman,27,213,50768,1,1918,1360,5,2,5,1920,6,4,558,2,1,7,0
dates,Ottoman,27,213,51580,4,1918,1925,5,3,6,1920,5,1,7,2,1,6,0
dates,Ottoman,27,213,51369,2,1918,1030,7,3,5,1916,5,4,888,2,1,5,0
dates,Ottoman,27,214,49767,2,1918,1250,6,1,5,1914,4,4,668,4,1,6,0
dates,Ottoman,27,214,51543,3,1918,1500,5,3,7,1910,6,4,418,8,1,6,0
dates,Ottoman,27,214,46444,4,1918,1900,6,2,4,1910,4,1,18,8,1,5,0
dates,Ottoman,27,214,51551,1,1918,1890,5,2,7,1900,3,3,28,18,1,5,0
dates,Ottoman,27,214,46586,5,1918,1520,6,3,5,1734,3,1,398,184,1,4,0
dates,Ottoman,27,215,39718,5,1918,1918,3,6,5,1918,7,1,0,0,0,7,0
dates,Ottoman,27,215,43244,2,1918,1917,3,6,1,1917,6,5,1,1,0,4,0
dates,Ottoman,27,215,51504,1,1918,1470,3,5,6,1917,2,2,448,1,1,5,0
dates,Ottoman,27,215,48903,4,1918,1645,6,4,6,1912,5,2,273,6,1,7,0
dates,Ottoman,27,215,38058,3,1918,1422,5,4,5,1912,4,2,496,6,1,5,0
dates,Ottoman,27,216,45352,1,1918,1112,4,2,2,1919,6,4,806,1,1,6,0
dates,Ottoman,27,216,47540,2,1918,1918,2,6,6,1919,6,4,0,1,0,4,0
dates,Ottoman,27,216,48931,3,1918,1150,6,2,5,1919,7,2,768,1,1,7,0
dates,Ottoman,27,216,47505,4,1918,1600,7,1,4,1919,7,2,318,1,1,7,0
dates,Ottoman,27,217,49803,4,1918,1500,6,2,7,1300,1,1,418,618,0,4,1
dates,Ottoman,27,217,30607,2,1918,1917,5,5,6,1917,6,3,1,1,0,3,1
dates,Ottoman,27,217,27235,1,1918,1000,7,3,4,1100,1,3,918,818,1,2,1
dates,Ottoman,27,217,50594,3,1918,1200,5,2,6,1200,2,2,718,718,0,4,1
dates,Ottoman,27,218,42918,2,1918,1915,4,4,5,1500,3,3,3,418,0,4,1
dates,Ottoman,27,218,45143,4,1918,1500,6,2,5,1420,3,2,418,498,0,5,1
dates,Ottoman,27,218,15312,3,1918,1020,6,5,7,980,4,3,898,938,0,5,1
dates,Ottoman,27,219,46007,2,1918,1900,6,2,4,1900,2,1,18,18,0,4,1
dates,Ottoman,27,219,20330,1,1918,1200,6,2,3,1800,5,2,718,118,1,5,1
dates,Ottoman,27,219,1164,3,1918,1200,5,3,2,1600,1,4,718,318,1,4,1
dates,Ottoman,27,220,29534,2,1918,1270,4,5,6,1170,5,2,648,748,0,5,1
dates,Ottoman,27,220,48970,5,1918,1500,6,2,4,1170,4,2,418,748,0,5,1
dates,Ottoman,27,220,47591,1,1918,1120,6,1,3,1138,1,2,798,780,1,5,1
dates,Ottoman,27,221,48497,5,1918,1200,7,1,7,1800,1,2,718,118,1,5,1
dates,Ottoman,27,221,52053,1,1918,1300,6,4,5,1750,4,2,618,168,1,5,1
dates,Ottoman,27,221,30175,2,1918,1700,5,7,5,1862,5,2,218,56,1,6,1
dates,Ottoman,27,221,46451,3,1918,1200,6,5,5,1710,5,2,718,208,1,7,1
dates,Ottoman,27,221,45875,4,1918,1200,5,2,6,1700,2,2,718,218,1,5,1
dates,Ottoman,27,222,45619,4,1918,1400,6,3,6,1920,6,2,518,2,1,7,1
dates,Ottoman,27,222,49323,2,1918,1910,6,2,6,1919,6,2,8,1,1,4,1
dates,Ottoman,27,222,48432,1,1918,1580,6,1,6,1919,6,2,338,1,1,7,1
dates,Ottoman,27,222,50419,3,1918,1200,6,1,5,1919,6,2,718,1,1,6,1
dates,Ottoman,27,222,46051,5,1918,1100,6,3,7,1919,7,2,818,1,1,7,1
dates,Ottoman,27,223,44379,5,1918,1100,5,2,5,1917,6,1,818,1,1,6,1
dates,Ottoman,27,223,39838,4,1918,1850,7,3,5,1920,6,2,68,2,1,6,1
dates,Ottoman,27,223,47414,3,1918,1300,6,2,6,1917,5,2,618,1,1,6,1
dates,Ottoman,27,223,45237,2,1918,1915,5,5,6,1915,6,4,3,3,0,5,1
dates,Ottoman,27,223,47551,1,1918,1394,6,5,5,1917,4,2,524,1,1,6,1
dates,Ottoman,27,224,45178,1,1918,1400,4,2,6,1918,6,5,518,0,1,7,1
dates,Ottoman,27,224,45953,4,1918,1305,6,2,5,1918,5,5,613,0,1,6,1
dates,Ottoman,27,224,20036,3,1918,1320,6,6,4,1919,7,3,598,1,1,5,1
dates,Ottoman,27,224,48364,5,1918,1919,3,6,4,1918,4,5,1,0,1,4,1
dates,Ottoman,27,224,45766,2,1918,1110,7,7,2,1918,6,5,808,0,1,6,1
dates,Ottoman,27,225,29147,2,1918,1400,7,2,7,1940,6,4,518,22,1,7,1
dates,Ottoman,27,225,50367,1,1918,1356,7,1,6,1912,7,3,562,6,1,7,1
dates,Ottoman,27,225,43453,4,1918,1915,5,6,6,1915,6,5,3,3,0,4,1
dates,Ottoman,27,225,36019,3,1918,1200,6,1,6,1915,5,4,718,3,1,6,1
dates,Ottoman,27,226,44351,5,1918,1914,5,3,4,1915,4,4,4,3,1,5,1
dates,Ottoman,27,226,40244,2,1918,1920,4,5,5,1920,6,3,2,2,0,4,1
dates,Ottoman,27,226,40674,4,1918,1361,5,2,5,1920,4,2,557,2,1,6,1
dates,Ottoman,27,226,52080,3,1918,1400,7,2,6,1912,5,2,518,6,1,7,1
dates,Ottoman,27,227,48580,5,1918,1100,5,2,5,1912,1,1,818,6,1,7,1
dates,Ottoman,27,227,48739,2,1918,1322,7,1,5,1200,2,2,596,718,0,5,1
dates,Ottoman,27,227,51122,3,1918,1200,5,5,5,1200,6,2,718,718,0,6,1
dates,Ottoman,27,227,46988,4,1918,1100,7,2,3,1200,2,2,818,718,1,5,1
dates,Ottoman,27,228,46260,4,1918,1520,7,1,5,1880,1,5,398,38,1,3,1
dates,Ottoman,27,228,49129,1,1918,1887,3,6,2,1887,6,5,31,31,0,4,1
dates,Ottoman,27,228,51670,2,1918,1500,7,1,4,1880,4,1,418,38,1,6,1
dates,Ottoman,27,228,40934,3,1918,1560,7,1,6,1890,5,1,358,28,1,7,1
dates,Ottoman,27,228,23107,5,1918,1850,6,4,4,1880,5,1,68,38,1,5,1
dates,Ottoman,27,229,47083,2,1918,1925,6,1,6,1700,5,4,7,218,0,7,1
dates,Ottoman,27,229,52007,1,1918,1655,5,3,5,1684,5,4,263,234,1,5,1
dates,Ottoman,27,229,43460,4,1918,1495,3,5,6,1670,5,2,423,248,1,6,1
dates,Ottoman,27,230,48776,1,1918,1600,7,1,4,1600,4,3,318,318,0,4,1
dates,Ottoman,27,230,46339,2,1918,1300,7,1,4,1600,1,3,618,318,1,5,1
dates,Ottoman,27,230,48770,4,1918,1800,6,1,7,1600,2,3,118,318,0,5,1
dates,Ottoman,27,230,49439,3,1918,1600,4,2,2,1600,2,2,318,318,0,4,1
dates,Ottoman,27,231,47616,1,1918,1400,5,2,4,1425,2,3,518,493,1,4,1
dates,Ottoman,27,231,48519,4,1918,1800,7,1,4,1650,1,1,118,268,0,4,1
dates,Ottoman,27,231,49256,3,1918,1450,5,2,5,1700,3,4,468,218,1,4,1
dates,Ottoman,27,231,45868,2,1918,1623,7,1,1,1623,1,4,295,295,0,4,1
dates,Ottoman,27,232,52047,1,1918,1280,5,2,5,1280,5,3,638,638,0,5,1
dates,Ottoman,27,232,46352,3,1918,1020,5,1,6,1280,3,1,898,638,1,6,1
dates,Ottoman,27,232,50499,4,1918,1300,4,4,4,1300,4,4,618,618,0,4,1
dates,Ottoman,27,232,52112,2,1918,1350,5,2,6,1250,4,1,568,668,0,5,1
dates,Ottoman,27,233,46617,1,1918,1200,7,1,6,1852,5,4,718,66,1,7,1
dates,Ottoman,27,233,43327,1,1918,1320,7,1,6,1154,1,4,598,764,0,5,1
dates,Ottoman,27,233,49508,2,1918,1350,5,6,6,1200,4,1,568,718,0,5,1
dates,Ottoman,27,233,52044,4,1918,1200,4,5,7,1200,5,2,718,718,0,4,1
dates,Ottoman,27,233,48891,3,1918,1500,6,2,6,1154,5,1,418,764,0,5,1
dates,Ottoman,27,234,46776,4,1918,1856,5,5,5,1856,2,1,62,62,0,4,1
dates,Ottoman,27,234,43264,2,1918,1450,6,1,5,1856,5,4,468,62,1,5,1
dates,Ottoman,27,234,37532,3,1918,1725,7,1,4,1856,5,4,193,62,1,7,1
dates,Ottoman,27,235,45262,2,1918,1250,6,3,6,1915,5,4,668,3,1,6,1
dates,Ottoman,27,235,50455,1,1918,1300,5,5,6,1918,5,4,618,0,1,5,1
dates,Ottoman,27,235,47494,4,1918,1920,3,6,4,1918,5,4,2,0,1,4,1
dates,Ottoman,27,235,49031,3,1918,1200,7,1,5,1920,4,4,718,2,1,6,1
dates,Ottoman,27,236,50831,3,1918,1920,3,6,5,1918,7,2,2,0,1,5,1
dates,Ottoman,27,236,47421,4,1918,1500,7,1,3,1918,5,3,418,0,1,6,1
dates,Ottoman,27,236,51856,1,1918,1237,7,2,6,1917,5,3,681,1,1,5,1
dates,Ottoman,27,236,31758,2,1918,1400,7,1,7,1914,6,3,518,4,1,7,1
dates,Ottoman,27,237,47860,1,1918,1650,6,2,6,1919,7,4,268,1,1,7,1
dates,Ottoman,27,237,51341,3,1918,1437,7,1,6,1919,7,4,481,1,1,7,1
dates,Ottoman,27,237,51544,4,1918,1919,2,6,5,1919,7,1,1,1,0,4,1
dates,Ottoman,27,237,50474,2,1918,1108,5,2,5,1919,6,4,810,1,1,7,1
dates,Ottoman,27,237,45701,5,1918,1200,6,2,6,1919,6,4,718,1,1,7,1
dates,Ottoman,27,238,47668,4,1918,1600,4,1,1,1915,1,2,318,3,1,6,1
dates,Ottoman,27,238,51087,1,1918,1905,5,5,4,1915,6,1,13,3,1,5,1
dates,Ottoman,27,238,43535,2,1918,1300,7,1,4,1915,2,1,618,3,1,5,1
dates,Ottoman,27,238,49110,5,1918,1200,7,1,7,1915,5,1,718,3,1,7,1
dates,Ottoman,27,238,44578,3,1918,1915,6,2,5,1918,5,1,3,0,1,5,1
dates,Ottoman,27,239,48059,3,1918,1500,7,1,4,1918,2,4,418,0,1,4,1
dates,Ottoman,27,239,49657,2,1918,1912,3,6,1,1916,7,1,6,2,1,4,1
dates,Ottoman,27,239,49504,4,1918,1150,6,1,2,1916,5,2,768,2,1,7,1
dates,Ottoman,27,239,43053,1,1918,1943,5,5,5,1918,5,2,25,0,1,6,1
dates,Ottoman,27,240,47884,4,1918,1550,6,3,1,1919,7,3,368,1,1,7,1
dates,Ottoman,27,240,48984,1,1918,1123,6,2,2,1919,4,3,795,1,1,5,1
dates,Ottoman,27,240,51707,3,1918,1919,2,7,5,1919,6,3,1,1,0,4,1
dates,Ottoman,27,240,49829,2,1918,1300,6,2,5,1919,6,3,618,1,1,7,1
dates,LastSupper,28,193,42427,2,1498,1293,6,1,6,1679,5,5,205,181,1,6,0
dates,LastSupper,28,193,51252,1,1498,1200,7,1,5,1690,5,5,298,192,1,6,0
dates,LastSupper,28,193,49997,5,1498,1680,4,6,4,1690,6,2,182,192,0,4,0
dates,LastSupper,28,193,46507,4,1498,1600,7,1,1,1690,5,5,102,192,0,5,0
dates,LastSupper,28,193,46896,3,1498,1452,6,2,5,1695,2,5,46,197,0,4,0
dates,LastSupper,28,194,52082,3,1498,1750,5,1,3,1361,1,4,252,137,1,4,0
dates,LastSupper,28,194,52036,4,1498,1360,5,2,2,1350,3,1,138,148,0,4,0
dates,LastSupper,28,194,48823,2,1498,1300,7,1,5,1350,5,4,198,148,1,4,0
dates,LastSupper,28,194,51751,1,1498,1320,7,1,3,1320,1,4,178,178,0,4,0
dates,LastSupper,28,195,50754,5,1498,26,5,5,5,1360,5,4,1472,138,1,7,0
dates,LastSupper,28,195,45580,2,1498,1420,5,4,3,1351,4,4,78,147,0,5,0
dates,LastSupper,28,195,16387,3,1498,1250,7,1,7,1350,6,4,248,148,1,7,0
dates,LastSupper,28,195,44272,4,1498,1250,7,1,5,1350,2,2,248,148,1,4,0
dates,LastSupper,28,196,28908,1,1498,1492,4,5,2,1492,2,3,6,6,0,4,0
dates,LastSupper,28,196,50022,4,1498,1720,7,1,2,1560,1,3,222,62,1,5,0
dates,LastSupper,28,196,42924,3,1498,1450,5,2,4,1350,4,2,48,148,0,4,0
dates,LastSupper,28,196,50445,2,1498,1287,5,2,3,1350,4,3,211,148,1,5,0
dates,LastSupper,28,197,51086,3,1498,1600,5,3,1,1505,3,3,102,7,1,5,0
dates,LastSupper,28,197,43570,4,1498,1870,6,1,7,1570,1,2,372,72,1,7,0
dates,LastSupper,28,197,43306,2,1498,1590,6,2,4,1590,5,2,92,92,0,4,0
dates,LastSupper,28,197,38616,1,1498,1200,5,2,4,1400,3,2,298,98,1,3,0
dates,LastSupper,28,198,46058,2,1498,1100,6,1,6,1452,2,3,398,46,1,4,0
dates,LastSupper,28,198,44589,5,1498,1325,6,2,5,1424,4,3,173,74,1,5,0
dates,LastSupper,28,198,42125,3,1498,1424,4,4,4,1424,4,1,74,74,0,4,0
dates,LastSupper,28,198,47665,4,1498,1680,4,4,6,1424,5,5,182,74,1,6,0
dates,LastSupper,28,199,45657,5,1498,1700,6,2,6,1470,5,2,202,28,1,5,0
dates,LastSupper,28,199,48752,2,1498,1450,3,5,5,1450,6,3,48,48,0,5,0
dates,LastSupper,28,199,51009,4,1498,1350,5,4,5,1350,4,3,148,148,0,4,0
dates,LastSupper,28,199,44311,3,1498,1370,5,5,5,1350,5,3,128,148,0,4,0
dates,LastSupper,28,200,593,4,1498,1450,5,5,4,1450,5,1,48,48,0,4,0
dates,LastSupper,28,200,46561,1,1498,1600,7,2,6,1450,7,4,102,48,1,6,0
dates,LastSupper,28,200,741,2,1498,1000,6,1,7,1450,6,4,498,48,1,7,0
dates,LastSupper,28,200,46170,3,1498,1620,5,4,6,1445,6,4,122,53,1,6,0
dates,LastSupper,28,201,43061,2,1498,1500,5,4,5,1500,5,3,2,2,0,4,0
dates,LastSupper,28,201,16362,4,1498,1000,7,2,7,1500,5,3,498,2,1,6,0
dates,LastSupper,28,201,47078,3,1498,1550,3,5,5,1530,5,2,52,32,1,4,0
dates,LastSupper,28,201,43512,5,1498,1650,5,3,2,1550,5,3,152,52,1,4,0
dates,LastSupper,28,201,49523,1,1498,1638,6,3,5,1585,1,3,140,87,1,4,0
dates,LastSupper,28,202,45590,3,1498,1650,5,2,5,1480,2,5,152,18,1,5,0
dates,LastSupper,28,202,45307,2,1498,1400,6,2,5,1450,2,1,98,48,1,4,0
dates,LastSupper,28,202,43186,1,1498,1530,7,4,6,1418,5,4,32,80,0,6,0
dates,LastSupper,28,202,51763,4,1498,1418,6,2,5,1418,2,1,80,80,0,4,0
dates,LastSupper,28,203,50401,1,1498,1700,7,4,4,1500,7,2,202,2,1,5,0
dates,LastSupper,28,203,45750,4,1498,1790,6,3,5,1550,5,2,292,52,1,5,0
dates,LastSupper,28,203,48769,3,1498,1289,5,4,4,1560,5,2,209,62,1,5,0
dates,LastSupper,28,203,51483,2,1498,1560,4,5,5,1560,5,4,62,62,0,4,0
dates,LastSupper,28,204,43817,1,1498,1650,5,4,5,1490,6,3,152,8,1,6,0
dates,LastSupper,28,204,46192,2,1498,1086,6,2,5,1518,2,4,412,20,1,5,0
dates,LastSupper,28,204,25902,4,1498,1525,5,1,5,1525,5,3,27,27,0,4,0
dates,LastSupper,28,204,46325,3,1498,1550,6,2,5,1550,5,4,52,52,0,5,0
dates,LastSupper,28,205,51996,4,1498,1630,6,3,6,1543,5,3,132,45,1,6,0
dates,LastSupper,28,205,51981,3,1498,1543,3,5,5,1543,5,4,45,45,0,6,0
dates,LastSupper,28,205,51003,2,1498,1212,7,1,4,1543,5,3,286,45,1,6,0
dates,LastSupper,28,205,51379,1,1498,200,6,2,6,1543,6,3,1298,45,1,6,0
dates,LastSupper,28,205,43541,5,1498,1350,6,5,6,1545,5,1,148,47,1,6,0
dates,LastSupper,28,206,48717,1,1498,1100,6,2,5,1275,2,3,398,223,1,5,0
dates,LastSupper,28,206,49755,2,1498,1690,6,2,5,1230,3,2,192,268,0,5,0
dates,LastSupper,28,206,48878,4,1498,1200,7,1,2,1200,1,1,298,298,0,1,0
dates,LastSupper,28,206,44122,3,1498,1400,7,1,5,1200,1,1,98,298,0,5,0
dates,LastSupper,28,207,48725,2,1498,1689,6,2,3,1463,3,4,191,35,1,5,0
dates,LastSupper,28,207,51575,1,1498,1600,7,1,5,1240,2,2,102,258,0,6,0
dates,LastSupper,28,207,51630,4,1498,1230,6,2,6,1230,6,2,268,268,0,4,0
dates,LastSupper,28,207,51462,3,1498,1500,7,1,5,1214,2,5,2,284,0,5,0
dates,LastSupper,28,208,49960,2,1498,1300,6,2,6,1500,5,3,198,2,1,6,0
dates,LastSupper,28,208,51211,4,1498,1515,5,3,5,1515,3,1,17,17,0,4,0
dates,LastSupper,28,208,43112,3,1498,1400,7,4,5,1425,4,4,98,73,1,4,0
dates,LastSupper,28,208,49272,1,1498,1421,5,3,5,1421,3,4,77,77,0,4,0
dates,LastSupper,28,209,50933,2,1498,1370,6,2,6,1450,3,4,128,48,1,5,0
dates,LastSupper,28,209,47322,1,1498,1430,5,5,5,1450,4,4,68,48,1,5,0
dates,LastSupper,28,209,41302,5,1498,1515,7,1,4,1450,2,4,17,48,0,5,0
dates,LastSupper,28,209,46738,3,1498,1309,4,4,5,1432,5,4,189,66,1,5,0
dates,LastSupper,28,209,52043,4,1498,1420,3,3,6,1425,6,1,78,73,1,5,0
dates,LastSupper,28,210,44014,1,1498,1350,4,4,4,1499,4,4,148,1,1,4,0
dates,LastSupper,28,210,44545,2,1498,1500,5,5,3,1340,4,4,2,158,0,5,0
dates,LastSupper,28,210,46615,3,1498,1025,5,2,4,1325,5,2,473,173,1,5,0
dates,LastSupper,28,210,51184,4,1498,1212,6,1,4,1212,1,3,286,286,0,4,0
dates,LastSupper,28,211,47749,4,1498,1460,4,4,6,1420,4,2,38,78,0,4,0
dates,LastSupper,28,211,51239,3,1498,1500,7,2,5,1400,6,4,2,98,0,7,0
dates,LastSupper,28,211,49909,2,1498,1300,5,5,5,1400,5,4,198,98,1,5,0
dates,LastSupper,28,211,46496,1,1498,1488,6,2,5,1388,5,4,10,110,0,5,0
dates,LastSupper,28,212,48061,2,1498,1400,5,3,5,1400,5,4,98,98,0,4,0
dates,LastSupper,28,212,46351,3,1498,1300,5,3,6,1400,2,4,198,98,1,5,0
dates,LastSupper,28,212,46165,4,1498,1515,4,3,6,1400,5,2,17,98,0,5,0
dates,LastSupper,28,212,43255,5,1498,1360,7,1,6,1376,1,2,138,122,1,5,0
dates,LastSupper,28,213,52129,5,1498,1653,6,1,5,1472,1,3,155,26,1,5,0
dates,LastSupper,28,213,51553,3,1498,1475,6,6,7,1470,4,4,23,28,0,4,0
dates,LastSupper,28,213,50768,1,1498,1113,6,2,2,1470,3,3,385,28,1,5,0
dates,LastSupper,28,213,51580,4,1498,1450,6,2,5,1450,2,3,48,48,0,5,0
dates,LastSupper,28,213,51369,2,1498,1230,5,3,5,1430,5,4,268,68,1,5,0
dates,LastSupper,28,214,49767,2,1498,1450,7,1,4,1540,1,5,48,42,1,6,0
dates,LastSupper,28,214,51543,3,1498,1500,5,5,7,1550,4,1,2,52,0,4,0
dates,LastSupper,28,214,46444,4,1498,1500,6,2,4,1600,2,1,2,102,0,5,0
dates,LastSupper,28,214,51551,1,1498,1650,5,3,6,1650,2,4,152,152,0,4,0
dates,LastSupper,28,214,46586,5,1498,1730,6,2,5,1699,1,3,232,201,1,4,0
dates,LastSupper,28,215,39718,5,1498,1523,5,6,5,1523,7,2,25,25,0,5,0
dates,LastSupper,28,215,43244,2,1498,1490,4,2,3,1540,4,5,8,42,0,5,0
dates,LastSupper,28,215,51504,1,1498,1650,3,3,7,1548,6,5,152,50,1,5,0
dates,LastSupper,28,215,48903,4,1498,1580,7,3,7,1550,4,5,82,52,1,5,0
dates,LastSupper,28,215,38058,3,1498,420,5,4,5,1550,4,5,1078,52,1,4,0
dates,LastSupper,28,216,45352,1,1498,1514,4,2,5,1580,2,2,16,82,0,5,0
dates,LastSupper,28,216,47540,2,1498,1610,5,5,5,1580,4,1,112,82,1,5,0
dates,LastSupper,28,216,48931,3,1498,1425,5,3,5,1580,6,2,73,82,0,6,0
dates,LastSupper,28,216,47505,4,1498,1100,6,2,6,1590,1,2,398,92,1,5,0
dates,LastSupper,28,217,49803,4,1498,1400,7,1,5,1500,5,1,98,2,1,6,1
dates,LastSupper,28,217,30607,2,1498,1530,6,3,2,1550,2,3,32,52,0,3,1
dates,LastSupper,28,217,27235,1,1498,1242,6,1,3,1400,1,3,256,98,1,1,1
dates,LastSupper,28,217,50594,3,1498,1792,5,2,5,1650,3,1,294,152,1,5,1
dates,LastSupper,28,218,42918,2,1498,1300,4,3,5,1500,4,4,198,2,1,5,1
dates,LastSupper,28,218,45143,4,1498,1490,6,3,6,1500,6,3,8,2,1,4,1
dates,LastSupper,28,218,15312,3,1498,70,6,4,7,1520,6,4,1428,22,1,7,1
dates,LastSupper,28,219,46007,2,1498,1600,6,2,4,1550,3,3,102,52,1,5,1
dates,LastSupper,28,219,20330,1,1498,1500,5,4,4,1550,4,2,2,52,0,5,1
dates,LastSupper,28,219,1164,3,1498,1550,5,3,2,1550,5,2,52,52,0,5,1
dates,LastSupper,28,220,29534,2,1498,1690,3,6,6,1690,7,2,192,192,0,7,1
dates,LastSupper,28,220,48970,5,1498,1300,6,2,4,1200,2,1,198,298,0,5,1
dates,LastSupper,28,220,47591,1,1498,1035,6,1,5,1140,1,5,463,358,1,5,1
dates,LastSupper,28,221,48497,5,1498,1400,7,1,7,1700,1,3,98,202,0,5,1
dates,LastSupper,28,221,52053,1,1498,1800,6,4,5,1710,4,4,302,212,1,4,1
dates,LastSupper,28,221,30175,2,1498,1623,7,3,7,1728,6,3,125,230,0,7,1
dates,LastSupper,28,221,46451,3,1498,1690,5,5,5,1730,5,2,192,232,0,6,1
dates,LastSupper,28,221,45875,4,1498,1500,5,2,5,1750,4,3,2,252,0,5,1
dates,LastSupper,28,222,45619,4,1498,1260,5,2,6,1470,3,3,238,28,1,5,1
dates,LastSupper,28,222,49323,2,1498,1400,6,2,7,1450,5,1,98,48,1,7,1
dates,LastSupper,28,222,48432,1,1498,1580,5,4,6,1450,5,3,82,48,1,5,1
dates,LastSupper,28,222,50419,3,1498,1450,6,1,5,1420,5,2,48,78,0,5,1
dates,LastSupper,28,222,46051,5,1498,1100,5,3,7,1400,7,3,398,98,1,7,1
dates,LastSupper,28,223,44379,5,1498,1400,5,5,5,1553,6,1,98,55,1,6,1
dates,LastSupper,28,223,39838,4,1498,1530,7,3,6,1555,7,1,32,57,0,7,1
dates,LastSupper,28,223,47414,3,1498,1300,6,2,6,1560,5,1,198,62,1,6,1
dates,LastSupper,28,223,45237,2,1498,1546,5,3,6,1560,5,1,48,62,0,5,1
dates,LastSupper,28,223,47551,1,1498,1562,5,4,4,1562,5,5,64,64,0,4,1
dates,LastSupper,28,224,45178,1,1498,33,1,7,6,1515,1,5,1465,17,1,7,1
dates,LastSupper,28,224,45953,4,1498,1905,6,2,5,1515,5,5,407,17,1,6,1
dates,LastSupper,28,224,20036,3,1498,1006,4,4,6,1515,6,3,492,17,1,6,1
dates,LastSupper,28,224,48364,5,1498,1550,6,3,4,1550,4,5,52,52,0,4,1
dates,LastSupper,28,224,45766,2,1498,1450,6,2,6,1033,3,1,48,465,0,6,1
dates,LastSupper,28,225,29147,2,1498,1850,7,5,6,1500,6,5,352,2,1,7,1
dates,LastSupper,28,225,50367,1,1498,1450,6,1,6,1545,4,3,48,47,1,6,1
dates,LastSupper,28,225,43453,4,1498,1625,5,1,2,1565,2,5,127,67,1,5,1
dates,LastSupper,28,225,36019,3,1498,1100,7,1,3,1600,2,5,398,102,1,5,1
dates,LastSupper,28,226,44351,5,1498,1550,5,3,5,1500,2,3,52,2,1,5,1
dates,LastSupper,28,226,40244,2,1498,1450,5,3,2,1430,3,5,48,68,0,5,1
dates,LastSupper,28,226,40674,4,1498,1260,5,2,4,1391,3,5,238,107,1,5,1
dates,LastSupper,28,226,52080,3,1498,1300,7,1,5,1350,2,5,198,148,1,5,1
dates,LastSupper,28,227,48580,5,1498,1750,6,2,4,1425,3,4,252,73,1,5,1
dates,LastSupper,28,227,48739,2,1498,1423,7,1,5,1350,4,4,75,148,0,3,1
dates,LastSupper,28,227,51122,3,1498,1050,6,2,6,1350,5,3,448,148,1,5,1
dates,LastSupper,28,227,46988,4,1498,1100,6,4,4,1350,3,2,398,148,1,5,1
dates,LastSupper,28,228,46260,4,1498,1200,7,1,5,1520,1,5,298,22,1,4,1
dates,LastSupper,28,228,49129,1,1498,1467,5,5,1,1467,5,5,31,31,0,4,1
dates,LastSupper,28,228,51670,2,1498,1770,7,1,4,1450,1,4,272,48,1,5,1
dates,LastSupper,28,228,40934,3,1498,1450,7,1,5,1400,2,1,48,98,0,4,1
dates,LastSupper,28,228,23107,5,1498,1501,7,5,6,1300,5,5,3,198,0,6,1
dates,LastSupper,28,229,47083,2,1498,1620,7,1,7,1365,2,4,122,133,0,6,1
dates,LastSupper,28,229,52007,1,1498,1500,6,2,5,1364,2,4,2,134,0,4,1
dates,LastSupper,28,229,43460,4,1498,1400,5,5,4,1350,5,2,98,148,0,5,1
dates,LastSupper,28,230,48776,1,1498,1200,7,1,4,1200,2,3,298,298,0,4,1
dates,LastSupper,28,230,46339,2,1498,1400,7,1,2,1200,1,4,98,298,0,5,1
dates,LastSupper,28,230,48770,4,1498,1400,5,1,7,1200,3,1,98,298,0,5,1
dates,LastSupper,28,230,49439,3,1498,1200,4,2,2,1200,1,3,298,298,0,4,1
dates,LastSupper,28,231,47616,1,1498,1235,6,1,4,1565,2,4,263,67,1,4,1
dates,LastSupper,28,231,48519,4,1498,1550,7,2,1,1300,2,2,52,198,0,5,1
dates,LastSupper,28,231,49256,3,1498,1300,6,2,5,1200,5,4,198,298,0,4,1
dates,LastSupper,28,231,45868,2,1498,1200,7,1,1,1200,3,1,298,298,0,4,1
dates,LastSupper,28,232,52047,1,1498,1560,4,3,6,1620,2,2,62,122,0,4,1
dates,LastSupper,28,232,46352,3,1498,1024,6,2,3,1300,2,2,474,198,1,5,1
dates,LastSupper,28,232,50499,4,1498,1200,4,4,4,1200,4,4,298,298,0,4,1
dates,LastSupper,28,232,52112,2,1498,1850,5,2,6,1800,2,1,352,302,1,5,1
dates,LastSupper,28,233,46617,1,1498,1400,7,1,6,1427,5,2,98,71,1,5,1
dates,LastSupper,28,233,43327,1,1498,1350,7,1,5,1320,1,4,148,178,0,5,1
dates,LastSupper,28,233,49508,2,1498,800,4,5,5,1300,6,4,698,198,1,6,1
dates,LastSupper,28,233,52044,4,1498,1150,5,5,7,1300,5,1,348,198,1,5,1
dates,LastSupper,28,233,48891,3,1498,1450,6,2,6,1300,5,4,48,198,0,5,1
dates,LastSupper,28,234,46776,4,1498,1622,7,5,3,1450,5,3,124,48,1,6,1
dates,LastSupper,28,234,43264,2,1498,1450,6,2,6,1450,5,3,48,48,0,4,1
dates,LastSupper,28,234,37532,3,1498,1450,6,2,6,1450,4,2,48,48,0,4,1
dates,LastSupper,28,235,45262,2,1498,1200,6,2,5,1535,4,4,298,37,1,5,1
dates,LastSupper,28,235,50455,1,1498,1500,5,5,6,1450,5,4,2,48,0,4,1
dates,LastSupper,28,235,47494,4,1498,1700,5,2,5,1550,1,1,202,52,1,5,1
dates,LastSupper,28,235,49031,3,1498,1600,7,1,4,1550,2,1,102,52,1,5,1
dates,LastSupper,28,236,50831,3,1498,1450,3,4,6,1490,5,1,48,8,1,5,1
dates,LastSupper,28,236,47421,4,1498,1880,5,3,5,1512,4,1,382,14,1,6,1
dates,LastSupper,28,236,51856,1,1498,1463,7,5,6,1463,5,3,35,35,0,4,1
dates,LastSupper,28,236,31758,2,1498,1520,7,1,7,1450,6,1,22,48,0,5,1
dates,LastSupper,28,237,47860,1,1498,1424,6,2,6,1360,2,4,74,138,0,5,1
dates,LastSupper,28,237,51341,3,1498,1219,7,1,7,1360,6,4,279,138,1,7,1
dates,LastSupper,28,237,51544,4,1498,1450,3,5,5,1360,5,3,48,138,0,5,1
dates,LastSupper,28,237,50474,2,1498,1230,6,3,5,1253,2,4,268,245,1,4,1
dates,LastSupper,28,237,45701,5,1498,800,6,2,6,1220,5,4,698,278,1,6,1
dates,LastSupper,28,238,47668,4,1498,1600,4,1,5,1500,4,2,102,2,1,4,1
dates,LastSupper,28,238,51087,1,1498,1550,6,2,5,1685,2,1,52,187,0,4,1
dates,LastSupper,28,238,43535,2,1498,1400,7,1,5,1250,1,4,98,248,0,3,1
dates,LastSupper,28,238,49110,5,1498,1200,7,1,7,1250,2,4,298,248,1,4,1
dates,LastSupper,28,238,44578,3,1498,1100,5,3,5,1200,3,5,398,298,1,5,1
dates,LastSupper,28,239,48059,3,1498,1500,5,2,6,1500,4,3,2,2,0,5,1
dates,LastSupper,28,239,49657,2,1498,1620,4,5,5,1500,3,3,122,2,1,5,1
dates,LastSupper,28,239,49504,4,1498,1050,6,1,2,1520,5,3,448,22,1,5,1
dates,LastSupper,28,239,43053,1,1498,1550,6,2,6,1525,2,3,52,27,1,5,1
dates,LastSupper,28,240,47884,4,1498,1100,7,1,2,1600,5,3,398,102,1,6,1
dates,LastSupper,28,240,48984,1,1498,1895,6,2,2,1600,5,3,397,102,1,5,1
dates,LastSupper,28,240,51707,3,1498,1598,3,6,6,1600,5,2,100,102,0,5,1
dates,LastSupper,28,240,49829,2,1498,1600,5,2,6,1600,3,3,102,102,0,4,1